data_dte,Year,Month,usg_apt_id,usg_apt,usg_wac,fg_apt_id,fg_apt,fg_wac,airlineid,carrier,carriergroup,type,Scheduled,Charter,Total
5/1/2006,2006,5,12016,GUM,5,13162,MAJ,844,20177,PFQ,1,Departures,0,10,10
5/1/2003,2003,5,10299,ANC,1,13856,OKO,736,20007,5Y,1,Departures,0,15,15
5/1/2003,2003,5,10299,ANC,1,13856,OKO,736,20007,5Y,1,Departures,0,15,15
3/1/2007,2007,3,10721,BOS,13,12651,KEF,439,20402,GL,,Departures,0,1,1
12/1/2004,2004,12,11259,DAL,74,16271,YYZ,936,20201,AMQ,1,Departures,0,1,1
5/1/2009,2009,5,13303,MIA,33,11075,CMW,219,21323,5L,0,Departures,0,20,20
10/1/2007,2007,10,14761,SFB,33,11928,GLA,493,20444,JN,0,Departures,0,8,8
2/1/2002,2002,2,14100,PHL,23,11032,CUN,148,20402,MMQ,1,Departures,0,1,1
5/1/2003,2003,5,10299,ANC,1,13856,OKO,736,20007,5Y,1,Departures,0,15,15
11/1/2001,2001,11,13930,ORD,41,16042,YEG,916,19531,AC,0,Departures,0,1,1
7/1/2003,2003,7,13198,MCI,64,13514,MTY,148,20201,AMQ,1,Departures,0,1,1
11/1/2009,2009,11,11057,CLT,36,11032,CUN,148,20423,U5,1,Departures,0,2,2
9/1/2008,2008,9,15016,STL,64,16271,YYZ,936,19531,AC,0,Departures,0,1,1
11/1/2004,2004,11,15304,TPA,33,11032,CUN,148,20402,GL,1,Departures,0,1,1
8/1/2009,2009,8,13061,LRD,74,14886,SLW,148,20166,GFQ,1,Departures,,1,1
5/1/2009,2009,5,13930,ORD,41,11032,CUN,148,19534,AM,0,Departures,0,10,10
6/1/2007,2007,6,12266,IAH,74,15018,STN,493,20007,5Y,1,Departures,0,1,1
7/1/2009,2009,7,15842,WRI,21,16050,YFB,934,20169,L2,1,Departures,0,4,4
2/1/2001,2001,2,11637,FAR,66,14312,PVR,148,20312,TZ,,Departures,0,3,3
10/1/2007,2007,10,10821,BWI,35,12938,LEJ,429,20095,WO,1,Departures,0,5,5
4/1/2007,2007,4,10299,ANC,1,13954,OSN,778,20057,EZ,1,Departures,0,6,6
5/1/2006,2006,5,13796,OAK,91,16042,YEG,916,19531,AC,0,Departures,0,1,1
6/1/2005,2005,6,12478,JFK,22,12991,LIS,469,20415,NA,1,Departures,0,1,1
5/1/2010,2010,5,14050,PDK,34,10591,BHD,493,21131,VSA,0,Departures,0,1,1
10/1/2001,2001,10,11193,CVG,52,11731,FPO,204,20147,T9,1,Departures,0,15,15
1/1/2003,2003,1,12266,IAH,74,10884,CAY,344,20110,AUQ,0,Departures,0,2,2
2/1/2002,2002,2,11267,DAY,44,10752,BRU,409,20095,WO,1,Departures,0,40,40
6/1/2006,2006,6,13303,MIA,33,14626,RSD,204,20401,3M,1,Departures,0,1,1
12/1/2001,2001,12,11697,FLL,33,13605,NAS,204,20402,MMQ,1,Departures,0,2,2
3/1/2003,2003,3,13061,LRD,74,13252,MEX,148,20201,AMQ,1,Departures,0,1,1
2/1/2006,2006,2,11618,EWR,21,10752,BRU,409,20370,KAQ,1,Departures,0,3,3
3/1/2009,2009,3,14512,RFD,41,11032,CUN,148,19534,AM,0,Departures,0,17,17
4/1/2008,2008,4,14122,PIT,23,16271,YYZ,936,20402,GL,1,Departures,0,2,2
9/1/2004,2004,9,12173,HNL,2,15092,SYD,802,20007,5Y,1,Departures,0,8,8
1/1/2010,2010,1,13303,MIA,33,14677,SAL,118,20169,L2,1,Departures,0,2,2
7/1/2007,2007,7,14771,SFO,91,11760,FRA,429,20007,5Y,1,Departures,0,1,1
2/1/2004,2004,2,12478,JFK,22,11548,EMA,493,20370,KAQ,1,Departures,0,5,5
1/1/2002,2002,1,11630,FAI,1,13518,MUC,429,19554,LH,0,Departures,0,1,1
11/1/2006,2006,11,12478,JFK,22,14210,POS,280,20415,NA,1,Departures,0,10,10
8/1/2003,2003,8,11423,DSM,61,12239,HUX,148,20402,MMQ,1,Departures,0,1,1
1/1/2010,2010,1,14027,PBI,33,10371,ASD,204,20401,3M,1,Departures,0,124,124
3/1/2005,2005,3,13930,ORD,41,16229,YVR,906,20190,9S,1,Departures,0,1,1
3/1/2007,2007,3,10299,ANC,1,16042,YEG,916,21069,GG,1,Departures,0,1,1
3/1/2007,2007,3,13303,MIA,33,14286,PTY,162,21074,WAP,0,Departures,0,5,5
3/1/2006,2006,3,14831,SJC,91,16042,YEG,916,20421,SLQ,1,Departures,0,1,1
12/1/2001,2001,12,13244,MEM,54,13113,LUX,454,20007,5Y,1,Departures,0,3,3
8/1/2006,2006,8,14761,SFB,33,12990,LIR,110,20207,XP,1,Departures,0,3,3
6/1/2007,2007,6,13303,MIA,33,14838,SJO,110,20190,9S,1,Departures,0,3,3
6/1/2008,2008,6,13061,LRD,74,11187,CUU,148,20447,U7,1,Departures,0,2,2
1/1/2004,2004,1,11618,EWR,21,16271,YYZ,936,20305,PCQ,1,Departures,0,1,1
4/1/2007,2007,4,13061,LRD,74,16078,YHM,936,20447,U7,1,Departures,0,2,2
2/1/2010,2010,2,14027,PBI,33,16271,YYZ,936,21437,13Q,0,Departures,0,2,2
2/1/2004,2004,2,12217,HSV,51,14115,PIK,493,20007,5Y,1,Departures,0,13,13
11/1/2010,2010,11,14955,SPN,5,13162,MAJ,844,20177,PFQ,1,Departures,0,1,1
4/1/2005,2005,4,15842,WRI,21,15174,TER,469,20007,5Y,1,Departures,0,4,4
4/1/2008,2008,4,12478,JFK,22,12125,HHN,429,20007,5Y,1,Departures,0,1,1
3/1/2004,2004,3,13667,NGU,38,16334,ZXA,482,20193,GR,1,Departures,0,3,3
11/1/2009,2009,11,13303,MIA,33,12051,GYE,337,20149,PRQ,1,Departures,0,1,1
10/1/2010,2010,10,14747,SEA,93,11874,GDL,148,21294,TRA,0,Departures,0,1,1
9/1/2004,2004,9,16091,YIP,43,16097,YKF,936,20166,GFQ,1,Departures,0,19,19
3/1/2003,2003,3,14955,SPN,5,13664,NGO,736,19548,JL,0,Departures,0,4,4
12/1/2009,2009,12,13061,LRD,74,13514,MTY,148,20201,AMQ,1,Departures,0,2,2
6/1/2005,2005,6,13303,MIA,33,14838,SJO,110,20453,ABX,1,Departures,0,7,7
11/1/2009,2009,11,12478,JFK,22,12125,HHN,429,20107,FX,1,Departures,0,2,2
2/1/2005,2005,2,14683,SAT,74,14312,PVR,148,20335,E9,1,Departures,0,2,2
11/1/2005,2005,11,14761,SFB,33,12966,LGW,493,20381,EUQ,0,Departures,0,16,16
4/1/2002,2002,4,13930,ORD,41,14312,PVR,148,20312,TZ,1,Departures,0,17,17
9/1/2004,2004,9,11697,FLL,33,11032,CUN,148,20387,PN,1,Departures,0,1,1
2/1/2004,2004,2,15842,WRI,21,15174,TER,469,20007,5Y,1,Departures,0,4,4
8/1/2005,2005,8,13244,MEM,54,16078,YHM,936,20447,U7,1,Departures,0,1,1
3/1/2003,2003,3,11775,FSD,67,11032,CUN,148,20344,RYQ,1,Departures,0,1,1
8/1/2001,2001,8,11697,FLL,33,13952,OSL,465,20179,6B,0,Departures,0,6,6
6/1/2008,2008,6,13303,MIA,33,15610,VLN,388,20400,PT,1,Departures,,1,1
6/1/2004,2004,6,15016,STL,64,11032,CUN,148,20204,MG,1,Departures,0,71,71
2/1/2004,2004,2,13487,MSP,63,16304,ZIH,148,20204,MG,1,Departures,0,18,18
2/1/2001,2001,2,13487,MSP,63,11244,CZM,148,20204,MG,1,Departures,0,32,32
10/1/2009,2009,10,10821,BWI,35,12651,KEF,439,20402,GL,1,Departures,0,1,1
7/1/2004,2004,7,12478,JFK,22,12972,LHR,493,20007,5Y,1,Departures,0,1,1
4/1/2008,2008,4,11540,ELP,74,11187,CUU,148,20447,U7,1,Departures,0,1,1
3/1/2003,2003,3,13341,MKC,64,16128,YMX,941,20201,AMQ,1,Departures,0,1,1
2/1/2008,2008,2,11375,DOV,31,12938,LEJ,429,20095,WO,1,Departures,0,6,6
2/1/2004,2004,2,13198,MCI,64,14312,PVR,148,20344,RD,1,Departures,0,8,8
6/1/2007,2007,6,10299,ANC,1,14309,PVG,713,20095,WO,1,Departures,0,25,25
11/1/2001,2001,11,12266,IAH,74,13156,MAD,482,20007,5Y,1,Departures,0,1,1
1/1/2005,2005,1,12478,JFK,22,12125,HHN,429,20140,CC,0,Departures,0,1,1
7/1/2007,2007,7,12478,JFK,22,16232,YWG,926,20007,5Y,1,Departures,0,1,1
5/1/2007,2007,5,13697,NKT,36,14889,SMA,469,20213,POQ,0,Departures,0,1,1
2/1/2006,2006,2,12016,GUM,5,15306,TPE,781,20017,CS,1,Departures,0,8,8
3/1/2003,2003,3,12478,JFK,22,16128,YMX,941,20007,5Y,1,Departures,0,1,1
1/1/2005,2005,1,13342,MKE,45,11032,CUN,148,20423,U5,1,Departures,0,19,19
12/1/2003,2003,12,14761,SFB,33,13165,MAN,493,20278,RNQ,0,Departures,0,8,8
8/1/2004,2004,8,12892,LAX,91,12277,ICN,778,20007,5Y,1,Departures,0,49,49
4/1/2006,2006,4,13303,MIA,33,11625,EZE,303,20232,A2,0,Departures,0,8,8
12/1/2006,2006,12,13303,MIA,33,10911,CCS,388,20232,A2,0,Departures,0,25,25
2/1/2005,2005,2,11618,EWR,21,11032,CUN,148,20423,U5,1,Departures,0,28,28
6/1/2003,2003,6,12478,JFK,22,15566,VCE,450,20095,WO,1,Departures,0,2,2
9/1/2005,2005,9,11540,ELP,74,16078,YHM,936,20447,U7,1,Departures,0,1,1
12/1/2001,2001,12,12892,LAX,91,13252,MEX,148,20007,5Y,1,Departures,0,2,2
7/1/2002,2002,7,13891,ONT,91,13594,MZT,148,20399,PLQ,1,Departures,0,6,6
8/1/2009,2009,8,13667,NGU,38,13618,NBW,219,20402,GL,1,Departures,0,1,1
6/1/2009,2009,6,15045,SUU,91,13856,OKO,736,20057,EZ,1,Departures,0,17,17
6/1/2003,2003,6,14761,SFB,33,11208,CWL,493,20278,RNQ,0,Departures,0,8,8
6/1/2010,2010,6,12191,HOU,74,16271,YYZ,936,19790,DL,1,Departures,0,1,1
1/1/2003,2003,1,14679,SAN,91,14832,SJD,148,20312,TZ,1,Departures,0,1,1
12/1/2002,2002,12,10721,BOS,13,11032,CUN,148,20415,XG,1,Departures,0,13,13
6/1/2001,2001,6,12478,JFK,22,11032,CUN,148,20095,WO,1,Departures,0,1,1
4/1/2010,2010,4,13303,MIA,33,13166,MAO,316,19550,KE,0,Departures,0,3,3
6/1/2007,2007,6,10299,ANC,1,14309,PVG,713,20190,9S,1,Departures,0,42,42
5/1/2008,2008,5,10540,BED,13,12900,LBG,427,21160,SVW,0,Departures,0,1,1
3/1/2007,2007,3,14955,SPN,5,14186,PNI,810,20177,PFQ,1,Departures,0,3,3
2/1/2010,2010,2,10994,CHS,37,11560,ENQ,131,20169,L2,1,Departures,0,6,6
11/1/2008,2008,11,15422,UAM,5,13856,OKO,736,20057,EZ,1,Departures,0,1,1
2/1/2007,2007,2,11540,ELP,74,11024,CJS,148,20201,AMQ,1,Departures,0,4,4
3/1/2009,2009,3,15070,SWF,22,15604,VKO,475,20007,5Y,1,Departures,0,1,1
2/1/2010,2010,2,10747,BRO,74,13514,MTY,148,20166,GFQ,1,Departures,0,1,1
12/1/2009,2009,12,10581,BGR,12,14115,PIK,493,20428,VIQ,0,Departures,0,3,3
6/1/2004,2004,6,11066,CMH,44,14293,PUJ,224,20423,U5,1,Departures,0,8,8
5/1/2007,2007,5,13303,MIA,33,10911,CCS,388,20193,GR,1,Departures,0,3,3
2/1/2010,2010,2,13303,MIA,33,10209,AGT,365,20095,WO,1,Departures,0,3,3
8/1/2006,2006,8,12945,LEX,52,16271,YYZ,936,20447,U7,1,Departures,0,1,1
9/1/2004,2004,9,14122,PIT,23,16267,YYR,961,20421,SLQ,1,Departures,0,2,2
9/1/2006,2006,9,11295,DET,43,16271,YYZ,936,20166,GFQ,1,Departures,0,3,3
5/1/2002,2002,5,13303,MIA,33,14838,SJO,110,20400,CCQ,1,Departures,0,2,2
5/1/2009,2009,5,12324,ILN,44,16217,YUL,941,20303,NLQ,0,Departures,0,42,42
8/1/2007,2007,8,14747,SEA,93,16217,YUL,941,20402,GL,1,Departures,0,1,1
9/1/2007,2007,9,12335,IMT,43,16271,YYZ,936,20293,ZX,0,Departures,0,1,1
3/1/2008,2008,3,13303,MIA,33,11082,CNF,316,20149,PRQ,1,Departures,0,1,1
12/1/2007,2007,12,13303,MIA,33,10711,BOG,327,20193,GR,1,Departures,0,28,28
12/1/2003,2003,12,13061,LRD,74,13252,MEX,148,20447,U7,1,Departures,0,4,4
11/1/2009,2009,11,12191,HOU,74,15246,TLC,148,20406,BNQ,1,Departures,0,1,1
6/1/2007,2007,6,11298,DFW,74,13180,MBJ,243,20344,RD,1,Departures,0,16,16
10/1/2009,2009,10,12264,IAD,38,13605,NAS,204,20095,WO,1,Departures,0,6,6
3/1/2007,2007,3,11697,FLL,33,12966,LGW,493,20334,BRQ,0,Departures,0,6,6
1/1/2008,2008,1,12266,IAH,74,11874,GDL,148,20193,GR,1,Departures,0,1,1
2/1/2006,2006,2,13303,MIA,33,15567,VCP,316,20193,GR,1,Departures,0,1,1
2/1/2008,2008,2,11618,EWR,21,16271,YYZ,936,20204,MG,1,Departures,0,2,2
7/1/2006,2006,7,14100,PHL,23,16271,YYZ,936,20313,W8,0,Departures,0,1,1
7/1/2007,2007,7,13303,MIA,33,14030,PBM,379,20214,AD,0,Departures,0,1,1
8/1/2007,2007,8,15016,STL,64,13180,MBJ,243,20204,MG,1,Departures,0,14,14
8/1/2004,2004,8,10747,BRO,74,15246,TLC,148,20447,U7,1,Departures,0,2,2
3/1/2002,2002,3,12892,LAX,91,14228,PPT,823,19856,CYQ,0,Departures,0,10,10
8/1/2003,2003,8,13930,ORD,41,11032,CUN,148,20423,U5,1,Departures,0,46,46
7/1/2005,2005,7,13303,MIA,33,13218,MDE,327,20232,A2,0,Departures,0,32,32
12/1/2004,2004,12,12892,LAX,91,14115,PIK,493,20007,5Y,1,Departures,0,1,1
8/1/2004,2004,8,15842,WRI,21,15174,TER,469,20169,L2,1,Departures,0,8,8
10/1/2007,2007,10,13931,ORF,38,14293,PUJ,224,20402,GL,1,Departures,0,2,2
11/1/2006,2006,11,14101,PHN,43,16252,YXU,936,20166,GFQ,1,Departures,0,1,1
9/1/2003,2003,9,13891,ONT,91,11874,GDL,148,19534,AM,0,Departures,0,32,32
6/1/2005,2005,6,11298,DFW,74,11760,FRA,429,20377,X9,1,Departures,0,2,2
4/1/2002,2002,4,13204,MCO,33,14153,PLS,281,20402,MMQ,1,Departures,0,1,1
4/1/2005,2005,4,11618,EWR,21,10521,BDA,207,20239,CEQ,0,Departures,0,42,42
6/1/2001,2001,6,11697,FLL,33,16271,YYZ,936,20402,MMQ,1,Departures,0,1,1
3/1/2005,2005,3,13342,MKE,45,16304,ZIH,148,20344,RD,1,Departures,0,16,16
11/1/2003,2003,11,10581,BGR,12,14918,SNN,441,20110,AUQ,0,Departures,0,4,4
7/1/2006,2006,7,15295,TOL,44,16095,YJT,961,19874,8C,1,Departures,0,1,1
7/1/2007,2007,7,13204,MCO,33,15125,TAM,148,19559,MX,0,Departures,0,2,2
4/1/2008,2008,4,13061,LRD,74,11874,GDL,148,20447,U7,1,Departures,0,2,2
3/1/2001,2001,3,12478,JFK,22,15513,UVF,276,20415,XG,1,Departures,0,5,5
1/1/2006,2006,1,12016,GUM,5,14583,ROR,854,20177,PFQ,1,Departures,0,6,6
3/1/2008,2008,3,15045,SUU,91,13856,OKO,736,20057,EZ,1,Departures,0,8,8
6/1/2008,2008,6,12892,LAX,91,14681,SAP,131,20453,ABX,1,Departures,0,9,9
12/1/2009,2009,12,10800,BUR,91,15246,TLC,148,21352,0WQ,1,Departures,0,1,1
1/1/2008,2008,1,15167,TEB,21,11444,DUS,429,21008,CAQ,0,Departures,0,1,1
2/1/2001,2001,2,11618,EWR,21,10312,ANU,206,20402,MMQ,1,Departures,0,2,2
5/1/2003,2003,5,13303,MIA,33,11625,EZE,303,20232,A2,0,Departures,0,1,1
7/1/2002,2002,7,11267,DAY,44,16128,YMX,941,20284,TCQ,1,Departures,0,1,1
4/1/2002,2002,4,11764,FRG,22,16271,YYZ,936,19531,AC,0,Departures,0,4,4
5/1/2005,2005,5,14814,SHV,72,16097,YKF,936,20447,U7,1,Departures,0,1,1
4/1/2002,2002,4,14869,SLC,87,14832,SJD,148,20016,LGQ,0,Departures,0,8,8
12/1/2006,2006,12,13061,LRD,74,13514,MTY,148,20447,U7,1,Departures,0,2,2
6/1/2004,2004,6,12892,LAX,91,10970,CGN,429,20193,GR,1,Departures,0,3,3
5/1/2008,2008,5,13667,NGU,38,13754,NSY,450,20007,5Y,1,Departures,0,1,1
11/1/2002,2002,11,14814,SHV,72,10638,BJX,148,20447,U7,1,Departures,0,2,2
5/1/2010,2010,5,11540,ELP,74,13252,MEX,148,20447,U7,1,Departures,0,1,1
12/1/2008,2008,12,13303,MIA,33,14838,SJO,110,20190,9S,1,Departures,0,5,5
5/1/2007,2007,5,11057,CLT,36,13605,NAS,204,20421,SLQ,1,Departures,0,2,2
12/1/2009,2009,12,13303,MIA,33,13166,MAO,316,20377,X9,1,Departures,0,2,2
9/1/2009,2009,9,10747,BRO,74,13018,LMM,148,20166,GFQ,1,Departures,0,1,1
5/1/2010,2010,5,10581,BGR,12,10357,ARN,484,20266,GBQ,0,Departures,0,1,1
1/1/2005,2005,1,12016,GUM,5,13162,MAJ,844,20177,PFQ,1,Departures,0,28,28
3/1/2004,2004,3,13244,MEM,54,11548,EMA,493,20370,KAQ,1,Departures,0,1,1
1/1/2008,2008,1,11618,EWR,21,16271,YYZ,936,20204,MG,1,Departures,0,1,1
2/1/2001,2001,2,12173,HNL,2,13847,OIT,736,19548,JL,0,Departures,0,2,2
9/1/2003,2003,9,13303,MIA,33,14717,SCL,324,20232,A2,0,Departures,0,1,1
5/1/2005,2005,5,12478,JFK,22,14210,POS,280,20147,T9,1,Departures,0,42,42
12/1/2008,2008,12,13303,MIA,33,10292,AMS,461,20007,5Y,1,Departures,0,1,1
3/1/2002,2002,3,11540,ELP,74,11024,CJS,148,20447,U7,1,Departures,0,5,5
10/1/2008,2008,10,14711,SCE,23,16271,YYZ,936,20402,GL,1,Departures,0,1,1
3/1/2010,2010,3,13303,MIA,33,10711,BOG,327,20148,MP,0,Departures,0,12,12
10/1/2008,2008,10,11618,EWR,21,10521,BDA,207,20313,W8,0,Departures,0,46,46
5/1/2005,2005,5,13303,MIA,33,13252,MEX,148,20193,GR,1,Departures,0,1,1
6/1/2006,2006,6,14761,SFB,33,12966,LGW,493,20375,TZQ,0,Departures,0,10,10
10/1/2008,2008,10,13303,MIA,33,14838,SJO,110,20149,PRQ,1,Departures,0,12,12
5/1/2004,2004,5,10721,BOS,13,10411,AUA,277,20344,RD,1,Departures,0,1,1
9/1/2008,2008,9,13303,MIA,33,11625,EZE,303,20007,5Y,1,Departures,0,1,1
9/1/2003,2003,9,13871,OMA,65,16271,YYZ,936,20447,U7,1,Departures,0,1,1
11/1/2010,2010,11,11540,ELP,74,11874,GDL,148,20447,U7,1,Departures,0,1,1
12/1/2006,2006,12,16091,YIP,43,16078,YHM,936,20372,KLQ,1,Departures,0,7,7
6/1/2008,2008,6,10397,ATL,34,14918,SNN,441,20377,X9,1,Departures,0,1,1
9/1/2008,2008,9,13303,MIA,33,12010,GUA,127,20190,9S,1,Departures,0,2,2
5/1/2004,2004,5,13303,MIA,33,13605,NAS,204,20402,MMQ,1,Departures,0,13,13
6/1/2007,2007,6,14683,SAT,74,11032,CUN,148,19534,AM,0,Departures,0,34,34
6/1/2003,2003,6,13891,ONT,91,16257,YYC,916,20284,TCQ,,Departures,0,2,2
5/1/2005,2005,5,12478,JFK,22,11760,FRA,429,20140,CC,0,Departures,0,6,6
11/1/2010,2010,11,14843,SJU,3,10911,CCS,388,20370,KAQ,1,Departures,0,1,1
1/1/2007,2007,1,15842,WRI,21,12125,HHN,429,20057,EZ,1,Departures,0,1,1
4/1/2010,2010,4,14027,PBI,33,10521,BDA,207,20402,GL,1,Departures,0,1,1
3/1/2002,2002,3,13303,MIA,33,12957,LGG,409,20007,5Y,1,Departures,0,5,5
4/1/2005,2005,4,10135,ABE,23,13605,NAS,204,20305,PCQ,1,Departures,0,1,1
3/1/2004,2004,3,12339,IND,42,11185,CUR,259,20312,TZ,1,Departures,0,2,2
10/1/2010,2010,10,10581,BGR,12,12651,KEF,439,21281,JAG,0,Departures,0,1,1
3/1/2008,2008,3,13303,MIA,33,15567,VCP,316,20308,WE,1,Departures,0,9,9
11/1/2007,2007,11,10994,CHS,37,16178,YQX,961,20370,KAQ,1,Departures,0,2,2
9/1/2007,2007,9,11433,DTW,43,16271,YYZ,936,20402,GL,1,Departures,0,1,1
9/1/2001,2001,9,12266,IAH,74,13366,MLH,427,20095,WO,1,Departures,0,1,1
4/1/2001,2001,4,11618,EWR,21,12101,HEL,425,20100,PO,1,Departures,0,1,1
3/1/2005,2005,3,13061,LRD,74,13514,MTY,148,20447,U7,1,Departures,0,6,6
12/1/2006,2006,12,12173,HNL,2,13162,MAJ,844,20177,PFQ,1,Departures,0,21,21
6/1/2004,2004,6,14100,PHL,23,11032,CUN,148,20204,MG,1,Departures,0,2,2
9/1/2002,2002,9,13303,MIA,33,10911,CCS,388,20400,CCQ,1,Departures,0,24,24
5/1/2010,2010,5,15395,TX3,74,16477,QRO,148,20166,GFQ,1,Departures,0,2,2
4/1/2009,2009,4,12889,LAS,85,10790,BUD,437,21281,JAG,0,Departures,0,2,2
1/1/2009,2009,1,11375,DOV,31,12125,HHN,429,20007,5Y,1,Departures,0,25,25
4/1/2003,2003,4,11487,EDF,1,11351,DNA,736,20057,EZ,1,Departures,0,4,4
12/1/2008,2008,12,11540,ELP,74,11024,CJS,148,20201,AMQ,1,Departures,0,2,2
10/1/2007,2007,10,15295,TOL,44,16128,YMX,941,20313,W8,0,Departures,0,16,16
2/1/2001,2001,2,15016,STL,64,14293,PUJ,224,20422,SY,1,Departures,0,12,12
7/1/2005,2005,7,10821,BWI,35,13481,MSE,493,20095,WO,1,Departures,0,2,2
8/1/2007,2007,8,15167,TEB,21,13625,NCE,427,21008,CAQ,0,Departures,0,1,1
10/1/2006,2006,10,16091,YIP,43,16252,YXU,936,20201,AMQ,1,Departures,0,2,2
9/1/2001,2001,9,13303,MIA,33,13166,MAO,316,20193,GR,1,Departures,0,2,2
3/1/2007,2007,3,14108,PIA,41,16252,YXU,936,20372,KLQ,1,Departures,0,17,17
9/1/2005,2005,9,15045,SUU,91,13856,OKO,736,20057,EZ,1,Departures,0,2,2
4/1/2005,2005,4,14761,SFB,33,14207,POP,224,20147,T9,1,Departures,0,5,5
8/1/2006,2006,8,11391,DQK,22,12651,KEF,439,20344,RD,1,Departures,0,1,1
6/1/2008,2008,6,12217,HSV,51,11874,GDL,148,20007,5Y,1,Departures,0,9,9
5/1/2004,2004,5,16218,YUM,81,14115,PIK,493,20100,PO,1,Departures,0,1,1
9/1/2007,2007,9,10299,ANC,1,14309,PVG,713,20057,EZ,1,Departures,0,3,3
2/1/2001,2001,2,12339,IND,42,14012,PAP,238,20312,TZ,1,Departures,0,1,1
9/1/2004,2004,9,11618,EWR,21,16257,YYC,916,19874,8C,1,Departures,0,1,1
2/1/2004,2004,2,11697,FLL,33,14210,POS,280,20387,PN,1,Departures,0,8,8
1/1/2006,2006,1,13342,MKE,45,13180,MBJ,243,20368,G4,1,Departures,0,15,15
3/1/2006,2006,3,10299,ANC,1,13744,NRT,736,20193,GR,1,Departures,0,4,4
1/1/2007,2007,1,14955,SPN,5,12699,KIX,736,19548,JL,0,Departures,0,1,1
8/1/2001,2001,8,13303,MIA,33,12693,KIN,243,20214,AD,0,Departures,0,1,1
1/1/2005,2005,1,13303,MIA,33,10209,AGT,365,20149,PRQ,1,Departures,0,3,3
8/1/2010,2010,8,14814,SHV,72,16477,QRO,148,20447,U7,1,Departures,0,2,2
7/1/2008,2008,7,12217,HSV,51,14115,PIK,493,20007,5Y,1,Departures,0,9,9
1/1/2008,2008,1,13244,MEM,54,16166,YQG,936,20447,U7,1,Departures,0,1,1
4/1/2006,2006,4,16091,YIP,43,16271,YYZ,936,20447,U7,1,Departures,0,1,1
11/1/2004,2004,11,14843,SJU,3,14293,PUJ,224,20203,FCQ,1,Departures,0,8,8
3/1/2010,2010,3,10721,BOS,13,15022,STR,429,21186,0BQ,0,Departures,0,1,1
2/1/2008,2008,2,12016,GUM,5,14309,PVG,713,20017,CS,1,Departures,0,4,4
9/1/2002,2002,9,14100,PHL,23,14153,PLS,281,19704,CO,1,Departures,0,8,8
1/1/2003,2003,1,13303,MIA,33,10209,AGT,365,20232,A2,0,Departures,0,7,7
12/1/2007,2007,12,12016,GUM,5,12699,KIX,736,20377,X9,1,Departures,0,3,3
7/1/2009,2009,7,15070,SWF,22,12957,LGG,409,20415,NA,1,Departures,0,1,1
12/1/2004,2004,12,14986,SRQ,33,16271,YYZ,936,20065,SEQ,0,Departures,0,3,3
4/1/2009,2009,4,10868,CAE,37,13605,NAS,204,20368,G4,1,Departures,0,1,1
8/1/2008,2008,8,13303,MIA,33,14153,PLS,281,19985,KTQ,0,Departures,0,9,9
12/1/2008,2008,12,11259,DAL,74,16271,YYZ,936,20305,PCQ,1,Departures,0,1,1
6/1/2004,2004,6,11292,DEN,82,14832,SJD,148,19559,MX,0,Departures,0,5,5
12/1/2006,2006,12,13487,MSP,63,11032,CUN,148,20344,RD,1,Departures,0,4,4
11/1/2006,2006,11,10171,ADS,74,14022,PBC,148,20201,AMQ,1,Departures,0,7,7
5/1/2007,2007,5,13667,NGU,38,16085,YHZ,951,20364,C6,0,Departures,0,1,1
11/1/2006,2006,11,11697,FLL,33,13618,NBW,219,20414,OW,1,Departures,0,16,16
4/1/2008,2008,4,13796,OAK,91,16271,YYZ,936,20351,FE,1,Departures,0,2,2
12/1/2010,2010,12,13303,MIA,33,14681,SAP,131,20310,K8,1,Departures,0,4,4
1/1/2006,2006,1,12478,JFK,22,15115,TAB,280,20415,NA,1,Departures,0,2,2
8/1/2001,2001,8,13303,MIA,33,14153,PLS,281,19985,KTQ,0,Departures,0,6,6
6/1/2010,2010,6,13771,NUQ,91,16149,YOW,936,20428,VIQ,0,Departures,0,1,1
8/1/2002,2002,8,11375,DOV,31,11760,FRA,429,20057,EZ,1,Departures,0,1,1
3/1/2010,2010,3,15842,WRI,21,15174,TER,469,20057,EZ,1,Departures,0,2,2
4/1/2005,2005,4,10299,ANC,1,16042,YEG,916,20100,PO,1,Departures,0,1,1
1/1/2008,2008,1,12390,ISO,36,12193,HOW,162,20402,GL,1,Departures,0,1,1
10/1/2004,2004,10,12173,HNL,2,15950,JP1,736,19874,8C,1,Departures,0,1,1
7/1/2008,2008,7,12055,GYY,42,10394,ATH,433,20266,GBQ,0,Departures,0,1,1
11/1/2006,2006,11,13851,OKC,73,14677,SAL,118,20207,XP,1,Departures,0,1,1
12/1/2008,2008,12,13303,MIA,33,11052,CLO,327,20095,WO,1,Departures,0,1,1
3/1/2006,2006,3,12339,IND,42,10148,ACA,148,20312,TZ,1,Departures,0,5,5
5/1/2009,2009,5,13303,MIA,33,12986,LIM,368,20149,PRQ,1,Departures,0,2,2
11/1/2009,2009,11,12264,IAD,38,16149,YOW,936,20402,GL,1,Departures,0,1,1
5/1/2005,2005,5,10299,ANC,1,11025,CJU,778,20057,EZ,1,Departures,0,1,1
6/1/2008,2008,6,10194,AFW,74,13694,NGO,736,20007,5Y,1,Departures,0,1,1
8/1/2009,2009,8,15842,WRI,21,12125,HHN,429,19386,NW,1,Departures,0,2,2
3/1/2007,2007,3,10559,BFI,93,16271,YYZ,936,20204,MG,1,Departures,0,1,1
7/1/2002,2002,7,10821,BWI,35,16078,YHM,936,19704,CO,1,Departures,0,3,3
6/1/2004,2004,6,11267,DAY,44,10752,BRU,409,20095,WO,1,Departures,0,42,42
8/1/2005,2005,8,16091,YIP,43,16189,YSC,941,20447,U7,1,Departures,0,1,1
8/1/2007,2007,8,13061,LRD,74,11187,CUU,148,20166,GFQ,1,Departures,0,1,1
9/1/2010,2010,9,15304,TPA,33,16257,YYC,916,20402,GL,1,Departures,0,1,1
12/1/2010,2010,12,10171,ADS,74,16078,YHM,936,20201,AMQ,1,Departures,0,8,8
3/1/2005,2005,3,13303,MIA,33,14030,PBM,379,20453,ABX,1,Departures,0,4,4
2/1/2008,2008,2,12173,HNL,2,12644,KCZ,736,19548,JL,0,Departures,0,2,2
1/1/2003,2003,1,10792,BUF,22,16271,YYZ,936,20421,SLQ,1,Departures,0,1,1
10/1/2006,2006,10,14761,SFB,33,11208,CWL,493,20140,CC,0,Departures,0,1,1
12/1/2010,2010,12,15096,SYR,22,13605,NAS,204,20374,XE,1,Departures,0,2,2
5/1/2009,2009,5,13303,MIA,33,13618,NBW,219,20344,RD,1,Departures,0,2,2
10/1/2007,2007,10,14802,SHD,38,16271,YYZ,936,20402,GL,1,Departures,0,1,1
12/1/2002,2002,12,13851,OKC,73,13514,MTY,148,20447,U7,1,Departures,0,2,2
4/1/2005,2005,4,10299,ANC,1,12277,ICN,778,20190,9S,1,Departures,0,49,49
12/1/2008,2008,12,13933,ORH,13,16149,YOW,936,20402,GL,1,Departures,0,1,1
8/1/2004,2004,8,10581,BGR,12,12651,KEF,439,20110,AUQ,0,Departures,0,1,1
9/1/2007,2007,9,13061,LRD,74,13514,MTY,148,20447,U7,1,Departures,0,4,4
11/1/2010,2010,11,13061,LRD,74,14022,PBC,148,20447,U7,1,Departures,0,2,2
12/1/2006,2006,12,13303,MIA,33,15567,VCP,316,20232,A2,0,Departures,0,6,6
9/1/2001,2001,9,12478,JFK,22,15115,TAB,280,20415,XG,1,Departures,0,1,1
9/1/2006,2006,9,15016,STL,64,11032,CUN,148,20344,RD,1,Departures,0,12,12
11/1/2003,2003,11,12478,JFK,22,11888,GEO,350,20140,CC,0,Departures,0,18,18
4/1/2002,2002,4,12131,HIF,87,11760,FRA,429,20007,5Y,1,Departures,0,1,1
8/1/2006,2006,8,13232,MDW,41,13625,NCE,427,20266,GBQ,0,Departures,0,2,2
4/1/2003,2003,4,11433,DTW,43,14207,POP,224,20344,RD,1,Departures,0,8,8
4/1/2005,2005,4,11193,CVG,52,11874,GDL,148,20357,ER,1,Departures,0,44,44
9/1/2005,2005,9,10994,CHS,37,14115,PIK,493,20007,5Y,1,Departures,0,53,53
2/1/2005,2005,2,13930,ORD,41,12143,HKG,729,20057,EZ,1,Departures,0,1,1
3/1/2001,2001,3,13851,OKC,73,12164,HMO,148,20447,U7,1,Departures,0,1,1
3/1/2004,2004,3,12478,JFK,22,14293,PUJ,224,20415,XG,1,Departures,0,10,10
12/1/2003,2003,12,16091,YIP,43,16078,YHM,936,20447,U7,1,Departures,0,15,15
6/1/2003,2003,6,10397,ATL,34,16078,YHM,936,19790,DL,1,Departures,0,1,1
1/1/2006,2006,1,11697,FLL,33,14210,POS,280,20415,NA,1,Departures,0,10,10
6/1/2001,2001,6,10747,BRO,74,15246,TLC,148,20447,U7,1,Departures,0,1,1
2/1/2009,2009,2,14100,PHL,23,13618,NBW,219,19874,8C,1,Departures,0,1,1
12/1/2003,2003,12,13303,MIA,33,14012,PAP,238,20189,N6,0,Departures,0,22,22
10/1/2006,2006,10,12264,IAD,38,13094,LTN,493,21094,05Q,0,Departures,0,2,2
5/1/2001,2001,5,13061,LRD,74,13514,MTY,148,19898,TNQ,1,Departures,0,2,2
12/1/2006,2006,12,13796,OAK,91,10148,ACA,148,20344,RD,1,Departures,0,4,4
12/1/2001,2001,12,13487,MSP,63,16304,ZIH,148,20204,MG,1,Departures,0,4,4
1/1/2001,2001,1,14108,PIA,41,14293,PUJ,224,20422,SY,1,Departures,0,1,1
6/1/2005,2005,6,12217,HSV,51,11874,GDL,148,20308,WE,1,Departures,0,1,1
4/1/2007,2007,4,12478,JFK,22,15419,UAB,679,20007,5Y,1,Departures,0,1,1
4/1/2006,2006,4,10299,ANC,1,13694,NGO,736,20057,EZ,1,Departures,0,17,17
12/1/2005,2005,12,15295,TOL,44,16128,YMX,941,20400,PT,1,Departures,0,32,32
9/1/2005,2005,9,13796,OAK,91,15174,TER,469,20415,NA,1,Departures,0,5,5
4/1/2008,2008,4,11618,EWR,21,16268,YYT,961,20214,AD,0,Departures,0,1,1
6/1/2006,2006,6,13851,OKC,73,11032,CUN,148,20204,MG,1,Departures,0,8,8
10/1/2002,2002,10,11540,ELP,74,10638,BJX,148,20447,U7,1,Departures,0,1,1
4/1/2006,2006,4,10721,BOS,13,14918,SNN,441,20344,RD,1,Departures,0,1,1
9/1/2003,2003,9,13898,OPF,33,14153,PLS,281,20214,AD,0,Departures,0,3,3
1/1/2003,2003,1,15070,SWF,22,15084,SXM,259,20402,MMQ,1,Departures,0,1,1
10/1/2008,2008,10,14582,ROP,5,14733,SDJ,736,20017,CS,1,Departures,0,1,1
3/1/2007,2007,3,12478,JFK,22,10752,BRU,409,20415,NA,1,Departures,0,2,2
9/1/2010,2010,9,13303,MIA,33,10711,BOG,327,20453,ABX,1,Departures,0,52,52
8/1/2003,2003,8,10821,BWI,35,14293,PUJ,224,20423,U5,1,Departures,0,29,29
11/1/2010,2010,11,13303,MIA,33,15363,TUC,303,20149,PRQ,1,Departures,0,3,3
11/1/2004,2004,11,10299,ANC,1,12277,ICN,778,20140,CC,0,Departures,0,22,22
12/1/2007,2007,12,11618,EWR,21,10521,BDA,207,20313,W8,0,Departures,0,25,25
12/1/2002,2002,12,10647,BKL,44,16271,YYZ,936,20402,MMQ,1,Departures,0,1,1
1/1/2008,2008,1,13930,ORD,41,10292,AMS,461,20007,5Y,1,Departures,0,4,4
8/1/2003,2003,8,10397,ATL,34,16083,YHU,941,19790,DL,1,Departures,0,2,2
4/1/2007,2007,4,11292,DEN,82,11032,CUN,148,20204,MG,1,Departures,0,16,16
4/1/2007,2007,4,13303,MIA,33,13180,MBJ,243,20453,ABX,1,Departures,0,9,9
5/1/2004,2004,5,12131,HIF,87,16042,YEG,916,20204,MG,1,Departures,0,1,1
10/1/2004,2004,10,12889,LAS,85,13514,MTY,148,19534,AM,0,Departures,0,18,18
10/1/2002,2002,10,14955,SPN,5,13162,MAJ,844,20177,PFQ,1,Departures,0,2,2
1/1/2005,2005,1,14122,PIT,23,11966,GOT,484,20007,5Y,1,Departures,0,1,1
10/1/2006,2006,10,13303,MIA,33,12693,KIN,243,20453,ABX,1,Departures,0,19,19
9/1/2005,2005,9,13303,MIA,33,14739,SDQ,224,20400,PT,1,Departures,0,4,4
8/1/2004,2004,8,10647,BKL,44,16271,YYZ,936,20313,W8,0,Departures,0,2,2
7/1/2005,2005,7,11697,FLL,33,13605,NAS,204,20402,GL,1,Departures,0,7,7
11/1/2009,2009,11,13061,LRD,74,14886,SLW,148,20447,U7,1,Departures,0,10,10
3/1/2007,2007,3,14761,SFB,33,10148,ACA,148,20402,GL,1,Departures,0,1,1
6/1/2007,2007,6,14683,SAT,74,13514,MTY,148,20201,AMQ,1,Departures,0,1,1
8/1/2003,2003,8,14761,SFB,33,12966,LGW,493,20375,TZQ,0,Departures,0,10,10
3/1/2002,2002,3,13204,MCO,33,13180,MBJ,243,20204,MG,1,Departures,0,9,9
4/1/2005,2005,4,13303,MIA,33,10711,BOG,327,20007,5Y,1,Departures,0,30,30
4/1/2007,2007,4,13342,MKE,45,14293,PUJ,224,20344,RD,1,Departures,0,4,4
1/1/2005,2005,1,15211,TIK,73,14677,SAL,118,19874,8C,1,Departures,0,1,1
6/1/2003,2003,6,14761,SFB,33,13165,MAN,493,20375,TZQ,0,Departures,0,8,8
10/1/2003,2003,10,11540,ELP,74,12164,HMO,148,20447,U7,1,Departures,0,3,3
9/1/2003,2003,9,15016,STL,64,16271,YYZ,936,20379,ZKQ,1,Departures,0,2,2
5/1/2010,2010,5,11697,FLL,33,16271,YYZ,936,20364,C6,0,Departures,0,14,14
11/1/2007,2007,11,12197,HPN,22,16083,YHU,941,21080,04Q,1,Departures,0,1,1
11/1/2003,2003,11,13303,MIA,33,12051,GYE,337,20007,5Y,1,Departures,0,3,3
2/1/2004,2004,2,10821,BWI,35,11032,CUN,148,20147,T9,1,Departures,0,1,1
3/1/2002,2002,3,11298,DFW,74,11032,CUN,148,20204,MG,1,Departures,0,90,90
10/1/2002,2002,10,12807,KSM,1,10159,ADA,679,20169,L2,1,Departures,0,54,54
5/1/2007,2007,5,10792,BUF,22,16166,YQG,936,20447,U7,1,Departures,0,1,1
2/1/2004,2004,2,12217,HSV,51,13113,LUX,454,20007,5Y,1,Departures,0,19,19
10/1/2009,2009,10,10299,ANC,1,14309,PVG,713,20057,EZ,1,Departures,0,7,7
2/1/2010,2010,2,13303,MIA,33,11625,EZE,303,20308,WE,1,Departures,0,2,2
3/1/2001,2001,3,10299,ANC,1,14752,SEL,778,20193,GR,1,Departures,0,29,29
9/1/2002,2002,9,13303,MIA,33,10711,BOG,327,20149,PRQ,1,Departures,0,8,8
5/1/2010,2010,5,11618,EWR,21,10480,BAH,605,20370,KAQ,1,Departures,0,2,2
12/1/2010,2010,12,12892,LAX,91,12010,GUA,127,20453,ABX,1,Departures,0,4,4
10/1/2005,2005,10,10994,CHS,37,14115,PIK,493,20100,PO,1,Departures,0,4,4
5/1/2009,2009,5,13303,MIA,33,14286,PTY,162,19874,8C,1,Departures,0,19,19
8/1/2010,2010,8,10747,BRO,74,14022,PBC,148,20447,U7,1,Departures,0,1,1
5/1/2006,2006,5,11697,FLL,33,11731,FPO,204,20402,GL,1,Departures,0,1,1
12/1/2004,2004,12,13061,LRD,74,14886,SLW,148,20201,AMQ,1,Departures,0,7,7
9/1/2007,2007,9,99999,ZZZ,1,13602,NAN,821,19874,8C,1,Departures,0,3,3
3/1/2010,2010,3,15167,TEB,21,16268,YYT,961,21131,VSA,0,Departures,0,1,1
6/1/2007,2007,6,13930,ORD,41,13169,MAR,388,20402,GL,1,Departures,0,1,1
9/1/2003,2003,9,14092,PGV,36,16178,YQX,961,20402,MMQ,1,Departures,0,1,1
10/1/2003,2003,10,12889,LAS,85,15210,TIJ,148,20344,RD,1,Departures,0,4,4
6/1/2010,2010,6,15016,STL,64,13180,MBJ,243,20368,G4,1,Departures,0,8,8
4/1/2008,2008,4,12478,JFK,22,10752,BRU,409,20140,CC,0,Departures,0,8,8
10/1/2009,2009,10,13303,MIA,33,13532,MVD,385,21148,Q4,0,Departures,0,1,1
8/1/2005,2005,8,12478,JFK,22,11760,FRA,429,20007,5Y,1,Departures,0,4,4
9/1/2003,2003,9,13204,MCO,33,12010,GUA,127,20400,CCQ,1,Departures,0,1,1
7/1/2009,2009,7,14027,PBI,33,15018,STN,493,21094,05Q,0,Departures,0,1,1
11/1/2010,2010,11,12217,HSV,51,15567,VCP,316,20007,5Y,1,Departures,0,8,8
1/1/2008,2008,1,15422,UAM,5,13856,OKO,736,20169,L2,1,Departures,0,2,2
11/1/2010,2010,11,10299,ANC,1,15306,TPE,781,20095,WO,1,Departures,0,21,21
11/1/2008,2008,11,12478,JFK,22,11874,GDL,148,20007,5Y,1,Departures,0,1,1
6/1/2003,2003,6,11298,DFW,74,13180,MBJ,243,20204,MG,1,Departures,0,18,18
8/1/2001,2001,8,13061,LRD,74,14886,SLW,148,20447,U7,1,Departures,0,3,3
5/1/2005,2005,5,13796,OAK,91,14312,PVR,148,19559,MX,0,Departures,0,18,18
3/1/2009,2009,3,11630,FAI,1,13744,NRT,736,19548,JL,0,Departures,0,2,2
8/1/2007,2007,8,10397,ATL,34,13180,MBJ,243,20344,RD,1,Departures,0,2,2
12/1/2010,2010,12,11193,CVG,52,16078,YHM,936,20313,W8,0,Departures,0,1,1
9/1/2008,2008,9,12266,IAH,74,13957,OST,409,20140,CC,0,Departures,0,4,4
9/1/2001,2001,9,11540,ELP,74,11187,CUU,148,20447,U7,1,Departures,0,4,4
10/1/2007,2007,10,11193,CVG,52,15018,STN,493,19874,8C,1,Departures,0,1,1
3/1/2001,2001,3,13487,MSP,63,11244,CZM,148,20344,RYQ,1,Departures,0,18,18
6/1/2003,2003,6,12478,JFK,22,11651,FCO,450,20415,XG,1,Departures,0,1,1
12/1/2001,2001,12,14761,SFB,33,12966,LGW,493,20334,BRQ,0,Departures,0,8,8
3/1/2008,2008,3,13303,MIA,33,15567,VCP,316,20370,KAQ,1,Departures,0,11,11
2/1/2004,2004,2,12478,JFK,22,14210,POS,280,20140,CC,0,Departures,0,15,15
11/1/2009,2009,11,10732,BQN,3,13359,MLA,456,20007,5Y,1,Departures,0,3,3
8/1/2007,2007,8,13061,LRD,74,14886,SLW,148,20374,XE,1,Departures,0,1,1
5/1/2003,2003,5,10299,ANC,1,14309,PVG,713,20007,5Y,1,Departures,0,23,23
7/1/2006,2006,7,13303,MIA,33,12693,KIN,243,20453,ABX,1,Departures,0,14,14
11/1/2005,2005,11,13487,MSP,63,16042,YEG,916,19531,AC,0,Departures,0,1,1
10/1/2002,2002,10,13546,MWH,93,16042,YEG,916,20447,U7,1,Departures,0,1,1
3/1/2001,2001,3,12889,LAS,85,13165,MAN,493,20278,RNQ,0,Departures,0,8,8
2/1/2008,2008,2,12892,LAX,91,13252,MEX,148,20453,ABX,1,Departures,0,21,21
3/1/2007,2007,3,11487,EDF,1,13954,OSN,778,20057,EZ,1,Departures,0,5,5
11/1/2006,2006,11,13303,MIA,33,13166,MAO,316,20193,GR,1,Departures,0,2,2
8/1/2002,2002,8,16091,YIP,43,16078,YHM,936,20201,AMQ,1,Departures,0,3,3
9/1/2010,2010,9,14761,SFB,33,12966,LGW,493,19869,BY,0,Departures,0,27,27
1/1/2008,2008,1,13204,MCO,33,10711,BOG,327,20190,9S,1,Departures,0,1,1
3/1/2001,2001,3,13487,MSP,63,13594,MZT,148,20377,X9,1,Departures,0,28,28
2/1/2004,2004,2,13303,MIA,33,11915,GIG,316,20007,5Y,1,Departures,0,1,1
3/1/2006,2006,3,11433,DTW,43,14312,PVR,148,20344,RD,1,Departures,0,15,15
2/1/2004,2004,2,11433,DTW,43,14207,POP,224,20344,RD,1,Departures,0,16,16
2/1/2002,2002,2,13303,MIA,33,14717,SCL,324,20190,9S,1,Departures,0,6,6
8/1/2005,2005,8,14761,SFB,33,12966,LGW,493,20278,RNQ,0,Departures,0,26,26
10/1/2008,2008,10,13061,LRD,74,11874,GDL,148,20166,GFQ,1,Departures,0,1,1
6/1/2008,2008,6,14635,RSW,33,13625,NCE,427,20266,GBQ,0,Departures,0,1,1
11/1/2003,2003,11,12889,LAS,85,16042,YEG,916,20065,SEQ,0,Departures,0,17,17
2/1/2003,2003,2,12478,JFK,22,14739,SDQ,224,19546,FI,0,Departures,0,1,1
10/1/2008,2008,10,11193,CVG,52,12651,KEF,439,20402,GL,1,Departures,0,1,1
11/1/2002,2002,11,10732,BQN,3,10711,BOG,327,20193,GR,1,Departures,0,1,1
4/1/2007,2007,4,12478,JFK,22,12073,HAV,219,20421,SLQ,1,Departures,0,4,4
2/1/2009,2009,2,12206,HRL,74,14677,SAL,118,20344,RD,1,Departures,0,7,7
5/1/2003,2003,5,11540,ELP,74,11187,CUU,148,20284,TCQ,1,Departures,0,10,10
4/1/2001,2001,4,10397,ATL,34,16252,YXU,936,20447,U7,1,Departures,0,1,1
10/1/2006,2006,10,13303,MIA,33,12986,LIM,368,20193,GR,1,Departures,0,10,10
11/1/2010,2010,11,11375,DOV,31,11080,CND,473,20095,WO,1,Departures,0,6,6
11/1/2004,2004,11,13303,MIA,33,14838,SJO,110,20193,GR,1,Departures,0,18,18
6/1/2006,2006,6,13244,MEM,54,14886,SLW,148,20447,U7,1,Departures,0,9,9
10/1/2004,2004,10,13303,MIA,33,10711,BOG,327,20007,5Y,1,Departures,0,31,31
6/1/2008,2008,6,13303,MIA,33,14849,SKB,275,20402,GL,1,Departures,0,8,8
12/1/2005,2005,12,12173,HNL,2,12845,KWA,844,20177,PFQ,1,Departures,0,5,5
8/1/2004,2004,8,11618,EWR,21,10521,BDA,207,20239,CEQ,0,Departures,0,44,44
1/1/2001,2001,1,14122,PIT,23,10411,AUA,277,19917,5X,1,Departures,0,6,6
2/1/2006,2006,2,11375,DOV,31,14561,RMS,429,20370,KAQ,1,Departures,0,4,4
9/1/2004,2004,9,12478,JFK,22,11888,GEO,350,19546,FI,0,Departures,0,15,15
5/1/2001,2001,5,13303,MIA,33,15610,VLN,388,20149,PRQ,1,Departures,0,2,2
8/1/2008,2008,8,13303,MIA,33,12051,GYE,337,20149,PRQ,1,Departures,0,7,7
10/1/2010,2010,10,13303,MIA,33,14030,PBM,379,20453,ABX,1,Departures,0,14,14
2/1/2004,2004,2,10581,BGR,12,12651,KEF,439,20402,MMQ,1,Departures,0,7,7
2/1/2007,2007,2,10397,ATL,34,14849,SKB,275,19790,DL,1,Departures,0,10,10
1/1/2004,2004,1,10721,BOS,13,14739,SDQ,224,20344,RD,1,Departures,0,2,2
5/1/2007,2007,5,10397,ATL,34,13252,MEX,148,21061,6R,0,Departures,0,3,3
4/1/2007,2007,4,13303,MIA,33,10575,BGI,205,20344,RD,1,Departures,0,1,1
2/1/2006,2006,2,13303,MIA,33,15455,UIO,337,20007,5Y,1,Departures,0,12,12
8/1/2006,2006,8,11668,FFO,44,15258,TLV,636,20007,5Y,1,Departures,0,1,1
12/1/2004,2004,12,11982,GRK,74,11760,FRA,429,19805,AA,1,Departures,0,2,2
2/1/2004,2004,2,13342,MKE,45,14293,PUJ,224,20120,DE,0,Departures,0,18,18
4/1/2001,2001,4,13342,MKE,45,14293,PUJ,224,20344,RYQ,1,Departures,0,3,3
3/1/2009,2009,3,10299,ANC,1,11793,FUK,736,19548,JL,0,Departures,0,1,1
11/1/2006,2006,11,15016,STL,64,13180,MBJ,243,20344,RD,1,Departures,0,8,8
12/1/2005,2005,12,14100,PHL,23,16229,YVR,906,19531,AC,0,Departures,0,1,1
4/1/2010,2010,4,10208,AGS,34,16271,YYZ,936,19531,AC,0,Departures,0,2,2
7/1/2006,2006,7,12003,GTF,84,16250,YXS,906,19998,SI,1,Departures,0,1,1
4/1/2009,2009,4,14122,PIT,23,16271,YYZ,936,20402,GL,1,Departures,0,1,1
6/1/2006,2006,6,10397,ATL,34,11032,CUN,148,20402,GL,1,Departures,0,3,3
9/1/2007,2007,9,13303,MIA,33,15643,VVI,312,20344,RD,1,Departures,0,35,35
5/1/2008,2008,5,15842,WRI,21,12938,LEJ,429,20095,WO,1,Departures,0,2,2
8/1/2007,2007,8,14843,SJU,3,14286,PTY,162,20305,PCQ,1,Departures,0,1,1
3/1/2010,2010,3,12217,HSV,51,14886,SLW,148,20166,GFQ,1,Departures,0,2,2
3/1/2008,2008,3,10299,ANC,1,12699,KIX,736,20007,5Y,1,Departures,0,7,7
10/1/2001,2001,10,13303,MIA,33,12010,GUA,127,20400,CCQ,1,Departures,0,4,4
5/1/2006,2006,5,15045,SUU,91,13856,OKO,736,20370,KAQ,1,Departures,0,7,7
2/1/2004,2004,2,13487,MSP,63,11032,CUN,148,20344,RD,1,Departures,0,75,75
10/1/2007,2007,10,16091,YIP,43,16078,YHM,936,20447,U7,1,Departures,0,1,1
12/1/2005,2005,12,10540,BED,13,16217,YUL,941,20305,PCQ,1,Departures,0,1,1
2/1/2007,2007,2,10994,CHS,37,12957,LGG,409,20370,KAQ,1,Departures,0,5,5
11/1/2002,2002,11,13198,MCI,64,16257,YYC,916,20344,RYQ,1,Departures,0,31,31
2/1/2010,2010,2,12266,IAH,74,16042,YEG,916,20428,VIQ,0,Departures,0,1,1
12/1/2007,2007,12,14843,SJU,3,14030,PBM,379,20421,SLQ,1,Departures,0,1,1
5/1/2006,2006,5,13232,MDW,41,16271,YYZ,936,19977,UA,1,Departures,0,1,1
10/1/2010,2010,10,14814,SHV,72,14886,SLW,148,20166,GFQ,1,Departures,0,1,1
7/1/2006,2006,7,13667,NGU,38,12651,KEF,439,20344,RD,1,Departures,0,1,1
9/1/2003,2003,9,10732,BQN,3,14739,SDQ,224,20214,AD,0,Departures,0,99,99
10/1/2008,2008,10,11066,CMH,44,16229,YVR,906,19531,AC,0,Departures,0,1,1
2/1/2008,2008,2,11487,EDF,1,13954,OSN,778,20057,EZ,1,Departures,0,5,5
12/1/2006,2006,12,13244,MEM,54,16271,YYZ,936,19531,AC,0,Departures,0,2,2
2/1/2005,2005,2,15842,WRI,21,14561,RMS,429,20370,KAQ,1,Departures,0,2,2
4/1/2001,2001,4,13303,MIA,33,13166,MAO,316,20149,PRQ,1,Departures,0,4,4
8/1/2001,2001,8,14814,SHV,72,13252,MEX,148,20447,U7,1,Departures,0,1,1
5/1/2004,2004,5,14814,SHV,72,13514,MTY,148,20447,U7,1,Departures,0,3,3
8/1/2009,2009,8,11618,EWR,21,12651,KEF,439,21281,JAG,0,Departures,0,1,1
11/1/2005,2005,11,12187,HOP,52,16178,YQX,961,20344,RD,1,Departures,0,2,2
4/1/2010,2010,4,12478,JFK,22,11915,GIG,316,20007,5Y,1,Departures,0,1,1
12/1/2005,2005,12,12266,IAH,74,12876,LAD,502,20095,WO,1,Departures,0,20,20
3/1/2008,2008,3,11298,DFW,74,10911,CCS,388,20312,TZ,1,Departures,0,2,2
4/1/2007,2007,4,14761,SFB,33,14293,PUJ,224,20368,G4,1,Departures,0,4,4
12/1/2007,2007,12,12889,LAS,85,13165,MAN,493,20278,RNQ,0,Departures,0,4,4
4/1/2004,2004,4,12320,ILG,31,16128,YMX,941,20201,AMQ,1,Departures,0,1,1
5/1/2010,2010,5,13303,MIA,33,10575,BGI,205,20402,GL,1,Departures,0,1,1
7/1/2003,2003,7,13061,LRD,74,13514,MTY,148,20447,U7,1,Departures,0,2,2
7/1/2001,2001,7,10307,ANN,1,14132,PKC,770,20402,MMQ,1,Departures,0,1,1
1/1/2002,2002,1,13303,MIA,33,13252,MEX,148,20149,PRQ,1,Departures,0,6,6
7/1/2003,2003,7,14582,ROP,5,15174,TER,469,20344,RD,1,Departures,0,1,1
11/1/2003,2003,11,10581,BGR,12,13143,LYS,427,20007,5Y,1,Departures,0,1,1
9/1/2005,2005,9,13697,NKT,36,16267,YYR,961,20344,RD,1,Departures,0,4,4
3/1/2010,2010,3,11697,FLL,33,16271,YYZ,936,20402,GL,1,Departures,0,1,1
6/1/2006,2006,6,10693,BNA,54,16166,YQG,936,20166,GFQ,1,Departures,0,1,1
5/1/2001,2001,5,12478,JFK,22,13166,MAO,316,20415,XG,1,Departures,0,2,2
2/1/2009,2009,2,13303,MIA,33,12073,HAV,219,20401,3M,1,Departures,0,8,8
4/1/2008,2008,4,13303,MIA,33,12073,HAV,219,20414,OW,1,Departures,0,62,62
12/1/2009,2009,12,11298,DFW,74,14886,SLW,148,20166,GFQ,1,Departures,0,1,1
11/1/2004,2004,11,11375,DOV,31,14115,PIK,493,20057,EZ,1,Departures,0,1,1
7/1/2007,2007,7,11193,CVG,52,13605,NAS,204,20421,SLQ,1,Departures,0,1,1
8/1/2006,2006,8,14747,SEA,93,16278,YZT,906,20272,KAH,1,Departures,0,2,2
7/1/2003,2003,7,10397,ATL,34,13180,MBJ,243,20421,SLQ,1,Departures,0,2,2
3/1/2007,2007,3,11057,CLT,36,13605,NAS,204,20305,PCQ,1,Departures,0,3,3
8/1/2001,2001,8,10397,ATL,34,10911,CCS,388,20284,TCQ,1,Departures,0,1,1
10/1/2005,2005,10,14761,SFB,33,11928,GLA,493,20140,CC,0,Departures,0,1,1
10/1/2003,2003,10,11618,EWR,21,14293,PUJ,224,20423,U5,1,Departures,0,26,26
8/1/2004,2004,8,14955,SPN,5,12169,HND,736,20185,JO,0,Departures,0,12,12
8/1/2003,2003,8,13303,MIA,33,15603,VIX,316,20156,M3,0,Departures,0,5,5
4/1/2007,2007,4,10994,CHS,37,11760,FRA,429,19917,5X,1,Departures,0,1,1
5/1/2007,2007,5,15842,WRI,21,14561,RMS,429,20007,5Y,1,Departures,0,8,8
2/1/2009,2009,2,11259,DAL,74,16042,YEG,916,19531,AC,0,Departures,0,1,1
7/1/2005,2005,7,12173,HNL,2,11216,CXI,824,20177,PFQ,1,Departures,0,2,2
10/1/2007,2007,10,14512,RFD,41,12125,HHN,429,20344,RD,1,Departures,0,1,1
12/1/2003,2003,12,10559,BFI,93,16229,YVR,906,20421,SLQ,1,Departures,0,2,2
5/1/2008,2008,5,10140,ABQ,86,16085,YHZ,951,20402,GL,1,Departures,0,1,1
7/1/2005,2005,7,11540,ELP,74,16166,YQG,936,20447,U7,1,Departures,0,1,1
7/1/2007,2007,7,10299,ANC,1,11458,DYR,770,20402,GL,1,Departures,0,4,4
11/1/2003,2003,11,12478,JFK,22,13957,OST,409,20370,KAQ,1,Departures,0,1,1
9/1/2006,2006,9,10299,ANC,1,12277,ICN,778,20370,KAQ,1,Departures,0,33,33
2/1/2006,2006,2,14683,SAT,74,16304,ZIH,148,20204,MG,1,Departures,0,3,3
1/1/2003,2003,1,10172,ADW,35,13156,MAD,482,19540,BA,0,Departures,0,1,1
7/1/2003,2003,7,13898,OPF,33,13605,NAS,204,20214,AD,0,Departures,0,26,26
4/1/2007,2007,4,12134,HIK,2,11351,DNA,736,20057,EZ,1,Departures,0,1,1
5/1/2005,2005,5,12016,GUM,5,13850,OKA,736,19548,JL,0,Departures,0,1,1
11/1/2002,2002,11,11495,EFD,74,16271,YYZ,936,19531,AC,0,Departures,0,1,1
2/1/2007,2007,2,13487,MSP,63,11032,CUN,148,20344,RD,1,Departures,0,16,16
6/1/2001,2001,6,14814,SHV,72,16271,YYZ,936,20447,U7,1,Departures,0,1,1
3/1/2002,2002,3,15016,STL,64,11032,CUN,148,20204,MG,1,Departures,0,24,24
1/1/2007,2007,1,13204,MCO,33,13306,MID,148,20402,GL,1,Departures,0,1,1
4/1/2007,2007,4,15842,WRI,21,11915,GIG,316,20007,5Y,1,Departures,0,1,1
3/1/2003,2003,3,13303,MIA,33,10575,BGI,205,20453,MIW,1,Departures,0,8,8
9/1/2004,2004,9,10299,ANC,1,12277,ICN,778,20370,KAQ,1,Departures,0,25,25
9/1/2005,2005,9,10821,BWI,35,13605,NAS,204,20305,PCQ,1,Departures,0,1,1
7/1/2010,2010,7,12266,IAH,74,13957,OST,409,20140,CC,0,Departures,0,4,4
9/1/2004,2004,9,11540,ELP,74,11874,GDL,148,20447,U7,1,Departures,0,1,1
10/1/2006,2006,10,10299,ANC,1,13856,OKO,736,20370,KAQ,1,Departures,0,2,2
6/1/2003,2003,6,11618,EWR,21,13943,ORY,427,20406,BNQ,1,Departures,0,1,1
1/1/2001,2001,1,12217,HSV,51,13113,LUX,454,19545,CV,0,Departures,0,11,11
5/1/2008,2008,5,11375,DOV,31,14561,RMS,429,20095,WO,1,Departures,0,4,4
9/1/2001,2001,9,14955,SPN,5,12143,HKG,729,20177,PFQ,1,Departures,0,1,1
11/1/2006,2006,11,13303,MIA,33,13180,MBJ,243,20453,ABX,1,Departures,0,6,6
4/1/2007,2007,4,14492,RDU,36,14849,SKB,275,20402,GL,1,Departures,0,3,3
9/1/2006,2006,9,13303,MIA,33,12986,LIM,368,20308,WE,1,Departures,0,13,13
5/1/2007,2007,5,13667,NGU,38,11265,DAV,162,20402,GL,1,Departures,0,1,1
7/1/2005,2005,7,10299,ANC,1,13954,OSN,778,20007,5Y,1,Departures,0,1,1
12/1/2009,2009,12,12266,IAH,74,13957,OST,409,20140,CC,0,Departures,0,2,2
6/1/2006,2006,6,11298,DFW,74,11032,CUN,148,19534,AM,0,Departures,0,138,138
5/1/2009,2009,5,12478,JFK,22,12922,LDE,427,20415,NA,1,Departures,0,1,1
6/1/2007,2007,6,13061,LRD,74,14886,SLW,148,20372,KLQ,1,Departures,0,13,13
9/1/2005,2005,9,15045,SUU,91,13954,OSN,778,20007,5Y,1,Departures,0,1,1
9/1/2004,2004,9,13303,MIA,33,13605,NAS,204,20203,FCQ,1,Departures,0,2,2
3/1/2003,2003,3,13697,NKT,36,13957,OST,409,20370,KAQ,1,Departures,0,2,2
12/1/2007,2007,12,12266,IAH,74,11063,CME,148,20166,GFQ,1,Departures,0,1,1
12/1/2007,2007,12,13303,MIA,33,16178,YQX,961,20370,KAQ,1,Departures,0,1,1
8/1/2010,2010,8,10299,ANC,1,12277,ICN,778,20190,9S,1,Departures,0,71,71
1/1/2006,2006,1,13303,MIA,33,10658,BLA,388,20308,WE,1,Departures,0,1,1
6/1/2007,2007,6,14275,PTK,43,16179,YQY,951,20166,GFQ,1,Departures,0,1,1
4/1/2001,2001,4,10721,BOS,13,11032,CUN,148,20415,XG,1,Departures,0,24,24
12/1/2004,2004,12,14635,RSW,33,16271,YYZ,936,20065,SEQ,0,Departures,0,13,13
8/1/2010,2010,8,13303,MIA,33,15567,VCP,316,20007,5Y,1,Departures,0,45,45
6/1/2001,2001,6,13303,MIA,33,14293,PUJ,224,20402,MMQ,1,Departures,0,4,4
11/1/2010,2010,11,16091,YIP,43,16166,YQG,936,20405,MRQ,1,Departures,0,1,1
9/1/2005,2005,9,10299,ANC,1,12699,KIX,736,20193,GR,1,Departures,0,11,11
4/1/2003,2003,4,15825,WQM,72,16178,YQX,961,20213,POQ,0,Departures,0,1,1
1/1/2004,2004,1,10821,BWI,35,16149,YOW,936,20421,SLQ,1,Departures,0,3,3
3/1/2010,2010,3,13303,MIA,33,12986,LIM,368,20149,PRQ,1,Departures,0,4,4
1/1/2004,2004,1,11433,DTW,43,14918,SNN,441,20057,EZ,1,Departures,0,1,1
12/1/2004,2004,12,12264,IAD,38,16178,YQX,961,20007,5Y,1,Departures,0,1,1
7/1/2007,2007,7,13303,MIA,33,11654,FDF,252,20402,GL,1,Departures,0,6,6
3/1/2002,2002,3,14869,SLC,87,13594,MZT,148,20016,LGQ,0,Departures,0,8,8
7/1/2006,2006,7,13303,MIA,33,12051,GYE,337,20232,A2,0,Departures,0,15,15
7/1/2007,2007,7,14057,PDX,92,16257,YYC,916,20400,PT,1,Departures,0,10,10
2/1/2008,2008,2,15570,VCV,91,10292,AMS,461,20007,5Y,1,Departures,0,1,1
1/1/2003,2003,1,13303,MIA,33,11082,CNF,316,20156,M3,0,Departures,0,1,1
11/1/2006,2006,11,11996,GSP,37,16217,YUL,941,20207,XP,1,Departures,0,1,1
8/1/2010,2010,8,15295,TOL,44,13618,NBW,219,20405,MRQ,1,Departures,0,1,1
4/1/2006,2006,4,10721,BOS,13,13605,NAS,204,20207,XP,1,Departures,0,2,2
6/1/2008,2008,6,11540,ELP,74,16477,QRO,148,20447,U7,1,Departures,0,1,1
4/1/2004,2004,4,14492,RDU,36,11731,FPO,204,20203,FCQ,1,Departures,0,16,16
4/1/2006,2006,4,14761,SFB,33,13165,MAN,493,20334,BRQ,0,Departures,0,4,4
3/1/2003,2003,3,12217,HSV,51,16178,YQX,961,20007,5Y,1,Departures,0,2,2
4/1/2002,2002,4,11298,DFW,74,12990,LIR,110,20204,MG,1,Departures,0,1,1
7/1/2007,2007,7,12953,LGA,22,16085,YHZ,951,21080,04Q,1,Departures,0,1,1
9/1/2004,2004,9,14960,SPS,74,11032,CUN,148,20368,G4,1,Departures,0,2,2
11/1/2005,2005,11,14814,SHV,72,16271,YYZ,936,20447,U7,1,Departures,0,4,4
10/1/2005,2005,10,11764,FRG,22,15716,WAT,441,20359,TBQ,0,Departures,0,1,1
5/1/2003,2003,5,15016,STL,64,14312,PVR,148,20344,RD,1,Departures,0,18,18
5/1/2005,2005,5,10529,BDL,11,13113,LUX,454,20308,WE,1,Departures,0,21,21
4/1/2009,2009,4,13682,NIP,33,13618,NBW,219,20344,RD,1,Departures,0,8,8
11/1/2004,2004,11,13303,MIA,33,13252,MEX,148,20232,A2,0,Departures,0,2,2
8/1/2009,2009,8,13204,MCO,33,15604,VKO,475,21131,VSA,0,Departures,0,1,1
10/1/2010,2010,10,12889,LAS,85,13252,MEX,148,21294,TRA,0,Departures,0,18,18
11/1/2010,2010,11,10732,BQN,3,11548,EMA,493,20007,5Y,1,Departures,0,1,1
3/1/2002,2002,3,13871,OMA,65,11032,CUN,148,20344,RYQ,1,Departures,0,1,1
8/1/2007,2007,8,12016,GUM,5,15306,TPE,781,20017,CS,1,Departures,0,7,7
7/1/2003,2003,7,13002,LKE,93,16233,YWH,906,20272,KAH,1,Departures,0,7,7
3/1/2005,2005,3,11433,DTW,43,10411,AUA,277,20120,DE,0,Departures,0,8,8
4/1/2001,2001,4,12016,GUM,5,11793,FUK,736,19548,JL,0,Departures,0,6,6
4/1/2001,2001,4,13061,LRD,74,15246,TLC,148,20447,U7,1,Departures,0,3,3
3/1/2008,2008,3,14492,RDU,36,11032,CUN,148,20402,GL,1,Departures,0,2,2
11/1/2006,2006,11,14730,SDF,52,16078,YHM,936,20166,GFQ,1,Departures,0,6,6
12/1/2009,2009,12,15043,SUS,64,16257,YYC,916,20402,GL,1,Departures,0,2,2
2/1/2001,2001,2,13303,MIA,33,11625,EZE,303,20312,TZ,1,Departures,0,4,4
8/1/2007,2007,8,10693,BNA,54,16166,YQG,936,20447,U7,1,Departures,0,1,1
6/1/2004,2004,6,12478,JFK,22,13366,MLH,427,20100,PO,1,Departures,0,1,1
10/1/2007,2007,10,13303,MIA,33,15567,VCP,316,20308,WE,1,Departures,0,1,1
8/1/2004,2004,8,13061,LRD,74,10638,BJX,148,20447,U7,1,Departures,0,3,3
6/1/2010,2010,6,13303,MIA,33,10209,AGT,365,20149,PRQ,1,Departures,0,1,1
6/1/2004,2004,6,15295,TOL,44,13514,MTY,148,20201,AMQ,1,Departures,0,1,1
5/1/2007,2007,5,10693,BNA,54,11024,CJS,148,20201,AMQ,1,Departures,0,1,1
4/1/2004,2004,4,14100,PHL,23,11032,CUN,148,20312,TZ,1,Departures,0,8,8
10/1/2007,2007,10,13303,MIA,33,15455,UIO,337,20007,5Y,1,Departures,0,4,4
2/1/2002,2002,2,13303,MIA,33,14012,PAP,238,20357,ER,1,Departures,0,10,10
1/1/2008,2008,1,13061,LRD,74,15192,TGU,131,20402,GL,1,Departures,0,1,1
9/1/2003,2003,9,11726,FOE,62,11760,FRA,429,19805,AA,1,Departures,0,1,1
9/1/2006,2006,9,13303,MIA,33,15643,VVI,312,20308,WE,1,Departures,0,2,2
6/1/2002,2002,6,10299,ANC,1,12143,HKG,729,20095,WO,1,Departures,0,3,3
2/1/2001,2001,2,11977,GRB,45,11032,CUN,148,20312,TZ,1,Departures,0,1,1
12/1/2009,2009,12,10581,BGR,12,13560,MXP,450,20095,WO,1,Departures,0,1,1
8/1/2008,2008,8,11618,EWR,21,10521,BDA,207,20400,PT,1,Departures,0,42,42
12/1/2003,2003,12,12217,HSV,51,13252,MEX,148,19545,CV,0,Departures,0,7,7
12/1/2002,2002,12,13930,ORD,41,14153,PLS,281,20402,MMQ,1,Departures,0,1,1
10/1/2009,2009,10,12016,GUM,5,14583,ROR,854,20177,PFQ,1,Departures,0,2,2
2/1/2007,2007,2,15295,TOL,44,16271,YYZ,936,20166,GFQ,1,Departures,0,1,1
5/1/2005,2005,5,12889,LAS,85,16229,YVR,906,20312,TZ,1,Departures,0,2,2
4/1/2006,2006,4,14635,RSW,33,16271,YYZ,936,20204,MG,1,Departures,0,1,1
1/1/2005,2005,1,10721,BOS,13,11760,FRA,429,20107,FX,1,Departures,0,1,1
2/1/2006,2006,2,13303,MIA,33,11052,CLO,327,20007,5Y,1,Departures,0,1,1
12/1/2010,2010,12,11540,ELP,74,14677,SAL,118,20203,FCQ,1,Departures,0,1,1
5/1/2005,2005,5,13303,MIA,33,13218,MDE,327,20193,GR,1,Departures,0,1,1
8/1/2006,2006,8,11517,EIL,1,12739,KMQ,736,20007,5Y,1,Departures,0,1,1
3/1/2006,2006,3,10721,BOS,13,11032,CUN,148,20207,XP,1,Departures,0,8,8
3/1/2010,2010,3,10299,ANC,1,12763,KOJ,736,19550,KE,0,Departures,0,1,1
5/1/2005,2005,5,13303,MIA,33,10729,BQA,766,20232,A2,0,Departures,0,4,4
9/1/2007,2007,9,10299,ANC,1,12143,HKG,729,20190,9S,1,Departures,0,11,11
12/1/2003,2003,12,12478,JFK,22,14293,PUJ,224,20423,U5,1,Departures,0,8,8
3/1/2001,2001,3,15412,TYS,54,13143,LYS,427,20007,5Y,1,Departures,0,1,1
4/1/2005,2005,4,15016,STL,64,14312,PVR,148,20204,MG,1,Departures,0,10,10
12/1/2003,2003,12,14955,SPN,5,14583,ROR,854,20177,PFQ,1,Departures,0,1,1
7/1/2006,2006,7,10792,BUF,22,16217,YUL,941,20447,U7,1,Departures,0,1,1
7/1/2008,2008,7,13204,MCO,33,13180,MBJ,243,20207,XP,1,Departures,0,54,54
2/1/2008,2008,2,12266,IAH,74,14115,PIK,493,19874,8C,1,Departures,0,1,1
4/1/2007,2007,4,15842,WRI,21,16050,YFB,934,20169,L2,1,Departures,0,5,5
10/1/2008,2008,10,10299,ANC,1,12699,KIX,736,20007,5Y,1,Departures,0,7,7
5/1/2001,2001,5,13204,MCO,33,13165,MAN,493,19869,BY,0,Departures,0,18,18
5/1/2006,2006,5,11827,FXE,33,11681,FKB,429,20266,GBQ,0,Departures,0,1,1
3/1/2005,2005,3,13061,LRD,74,14886,SLW,148,20447,U7,1,Departures,0,7,7
12/1/2008,2008,12,13796,OAK,91,16229,YVR,906,19531,AC,0,Departures,0,1,1
7/1/2002,2002,7,14814,SHV,72,16078,YHM,936,20447,U7,1,Departures,0,2,2
12/1/2007,2007,12,13303,MIA,33,11915,GIG,316,20149,PRQ,1,Departures,0,2,2
1/1/2009,2009,1,12016,GUM,5,13694,NGO,736,20185,JO,0,Departures,0,1,1
11/1/2007,2007,11,15167,TEB,21,12900,LBG,427,21373,BES,0,Departures,0,2,2
7/1/2002,2002,7,12339,IND,42,11032,CUN,148,20305,PCQ,1,Departures,0,15,15
2/1/2006,2006,2,12478,JFK,22,11032,CUN,148,20335,E9,1,Departures,0,2,2
1/1/2008,2008,1,12478,JFK,22,11760,FRA,429,20007,5Y,1,Departures,0,2,2
3/1/2006,2006,3,12478,JFK,22,14849,SKB,275,20402,GL,1,Departures,0,2,2
12/1/2009,2009,12,13303,MIA,33,15643,VVI,312,20415,NA,1,Departures,0,27,27
6/1/2002,2002,6,11375,DOV,31,14918,SNN,441,20057,EZ,1,Departures,0,1,1
3/1/2008,2008,3,12478,JFK,22,12938,LEJ,429,20095,WO,1,Departures,0,19,19
6/1/2009,2009,6,13303,MIA,33,13532,MVD,385,20232,A2,0,Departures,0,1,1
5/1/2008,2008,5,12324,ILN,44,16257,YYC,916,20313,W8,0,Departures,0,35,35
9/1/2002,2002,9,13303,MIA,33,14739,SDQ,224,20400,CCQ,1,Departures,0,12,12
9/1/2003,2003,9,12478,JFK,22,15013,STI,224,20203,FCQ,1,Departures,0,11,11
10/1/2006,2006,10,15295,TOL,44,14886,SLW,148,20400,PT,1,Departures,0,19,19
4/1/2002,2002,4,10299,ANC,1,13113,LUX,454,20107,FX,1,Departures,0,2,2
2/1/2004,2004,2,10994,CHS,37,13957,OST,409,20370,KAQ,1,Departures,0,2,2
3/1/2009,2009,3,10994,CHS,37,12938,LEJ,429,20095,WO,1,Departures,0,1,1
5/1/2004,2004,5,10792,BUF,22,16271,YYZ,936,20201,AMQ,1,Departures,0,1,1
3/1/2007,2007,3,11721,FNT,43,16271,YYZ,936,20166,GFQ,1,Departures,0,1,1
2/1/2004,2004,2,11057,CLT,36,14832,SJD,148,20402,MMQ,1,Departures,0,3,3
10/1/2002,2002,10,14843,SJU,3,11654,FDF,252,20414,OW,1,Departures,0,3,3
5/1/2001,2001,5,13061,LRD,74,13252,MEX,148,19898,TNQ,1,Departures,0,2,2
12/1/2008,2008,12,13303,MIA,33,11435,DUB,441,19869,BY,0,Departures,0,1,1
1/1/2002,2002,1,13303,MIA,33,10911,CCS,388,20095,WO,1,Departures,0,15,15
4/1/2001,2001,4,13930,ORD,41,10312,ANU,206,20344,RYQ,1,Departures,0,5,5
9/1/2009,2009,9,12134,HIK,2,13856,OKO,736,19917,5X,1,Departures,0,1,1
4/1/2007,2007,4,14843,SJU,3,14849,SKB,275,21080,04Q,1,Departures,0,1,1
5/1/2004,2004,5,11986,GRR,43,16166,YQG,936,20166,GFQ,1,Departures,0,1,1
7/1/2003,2003,7,15057,SVN,34,14818,SID,507,20193,GR,1,Departures,0,2,2
3/1/2008,2008,3,15045,SUU,91,13954,OSN,778,20007,5Y,1,Departures,0,1,1
8/1/2005,2005,8,11697,FLL,33,16217,YUL,941,20364,C6,0,Departures,0,8,8
8/1/2006,2006,8,10721,BOS,13,16271,YYZ,936,19704,CO,1,Departures,0,1,1
2/1/2007,2007,2,13303,MIA,33,12369,IQT,368,21074,WAP,0,Departures,0,3,3
5/1/2002,2002,5,13303,MIA,33,14153,PLS,281,20402,MMQ,1,Departures,0,2,2
6/1/2008,2008,6,13930,ORD,41,13113,LUX,454,20007,5Y,1,Departures,0,1,1
8/1/2006,2006,8,10299,ANC,1,12699,KIX,736,19548,JL,0,Departures,0,2,2
3/1/2003,2003,3,12478,JFK,22,11760,FRA,429,19805,AA,1,Departures,0,13,13
12/1/2006,2006,12,13930,ORD,41,11244,CZM,148,20344,RD,1,Departures,0,4,4
4/1/2010,2010,4,10581,BGR,12,13359,MLA,456,20428,VIQ,0,Departures,0,1,1
7/1/2007,2007,7,10721,BOS,13,14293,PUJ,224,20402,GL,1,Departures,0,3,3
10/1/2001,2001,10,11292,DEN,82,11032,CUN,148,20204,MG,1,Departures,0,18,18
2/1/2001,2001,2,11203,CWA,45,12990,LIR,110,20402,MMQ,1,Departures,0,1,1
8/1/2003,2003,8,13796,OAK,91,14832,SJD,148,20344,RD,1,Departures,0,18,18
11/1/2004,2004,11,14761,SFB,33,13165,MAN,493,19858,ZB,0,Departures,0,1,1
12/1/2002,2002,12,12478,JFK,22,11760,FRA,429,20007,5Y,1,Departures,0,2,2
9/1/2006,2006,9,10785,BTV,16,16217,YUL,941,20373,PPQ,0,Departures,0,1,1
4/1/2004,2004,4,10821,BWI,35,12651,KEF,439,20428,VIQ,0,Departures,0,1,1
8/1/2006,2006,8,10721,BOS,13,16271,YYZ,936,20293,ZX,0,Departures,0,1,1
8/1/2007,2007,8,14843,SJU,3,10911,CCS,388,20007,5Y,1,Departures,0,1,1
4/1/2001,2001,4,14100,PHL,23,10411,AUA,277,19917,5X,1,Departures,0,1,1
6/1/2007,2007,6,15842,WRI,21,14561,RMS,429,20370,KAQ,1,Departures,0,2,2
3/1/2005,2005,3,11042,CLE,44,13605,NAS,204,20207,XP,1,Departures,0,1,1
2/1/2005,2005,2,12917,LCK,44,12143,HKG,729,20057,EZ,1,Departures,0,1,1
11/1/2004,2004,11,13303,MIA,33,11915,GIG,316,20308,WE,1,Departures,0,1,1
2/1/2009,2009,2,12892,LAX,91,16232,YWG,926,20402,GL,1,Departures,0,1,1
8/1/2006,2006,8,12478,JFK,22,13180,MBJ,243,20344,RD,1,Departures,0,8,8
9/1/2006,2006,9,13061,LRD,74,14879,SLP,148,20201,AMQ,1,Departures,0,1,1
5/1/2002,2002,5,11298,DFW,74,11868,GCM,233,20204,MG,1,Departures,0,9,9
2/1/2007,2007,2,13930,ORD,41,11032,CUN,148,20423,U5,1,Departures,0,55,55
3/1/2005,2005,3,14730,SDF,52,16271,YYZ,936,20447,U7,1,Departures,0,2,2
10/1/2004,2004,10,13303,MIA,33,12180,HOG,219,20414,OW,1,Departures,0,6,6
9/1/2005,2005,9,13303,MIA,33,13166,MAO,316,20007,5Y,1,Departures,0,5,5
6/1/2006,2006,6,13487,MSP,63,16271,YYZ,936,19704,CO,1,Departures,0,1,1
8/1/2007,2007,8,12217,HSV,51,13113,LUX,454,20007,5Y,1,Departures,0,30,30
2/1/2001,2001,2,11109,COS,82,11032,CUN,148,20016,LGQ,0,Departures,0,2,2
3/1/2003,2003,3,15016,STL,64,13180,MBJ,243,20147,T9,1,Departures,0,2,2
2/1/2010,2010,2,13303,MIA,33,11915,GIG,316,21148,Q4,0,Departures,0,1,1
9/1/2004,2004,9,13303,MIA,33,12986,LIM,368,20308,WE,1,Departures,0,4,4
4/1/2001,2001,4,13303,MIA,33,12990,LIR,110,20203,FCQ,1,Departures,0,2,2
9/1/2001,2001,9,11298,DFW,74,11032,CUN,148,20204,MG,1,Departures,0,48,48
3/1/2001,2001,3,14761,SFB,33,12966,LGW,493,19858,ZB,0,Departures,0,2,2
2/1/2010,2010,2,10792,BUF,22,16257,YYC,916,19531,AC,0,Departures,0,1,1
9/1/2004,2004,9,10299,ANC,1,13856,OKO,736,20100,PO,1,Departures,0,4,4
10/1/2009,2009,10,13303,MIA,33,12073,HAV,219,20402,GL,1,Departures,0,2,2
6/1/2001,2001,6,16091,YIP,43,14886,SLW,148,20447,U7,1,Departures,0,3,3
3/1/2010,2010,3,11618,EWR,21,12972,LHR,493,21160,SVW,0,Departures,0,1,1
5/1/2007,2007,5,13930,ORD,41,13605,NAS,204,20204,MG,1,Departures,0,2,2
11/1/2010,2010,11,11433,DTW,43,11032,CUN,148,20437,FL,1,Departures,0,7,7
11/1/2006,2006,11,15842,WRI,21,12125,HHN,429,20057,EZ,1,Departures,0,1,1
10/1/2009,2009,10,13198,MCI,64,10638,BJX,148,20201,AMQ,1,Departures,0,1,1
9/1/2010,2010,9,15167,TEB,21,12914,LCG,482,21309,0RQ,0,Departures,0,1,1
8/1/2010,2010,8,12264,IAD,38,15906,XCR,427,19874,8C,1,Departures,0,1,1
2/1/2008,2008,2,14004,PAE,93,15906,XCR,427,20110,AUQ,0,Departures,0,1,1
4/1/2008,2008,4,15167,TEB,21,16321,ZRH,486,21202,CAZ,0,Departures,0,3,3
9/1/2010,2010,9,13244,MEM,54,16078,YHM,936,20201,AMQ,1,Departures,0,2,2
7/1/2002,2002,7,13495,MSY,72,11032,CUN,148,20305,PCQ,1,Departures,0,16,16
10/1/2006,2006,10,14814,SHV,72,11874,GDL,148,20447,U7,1,Departures,0,1,1
7/1/2006,2006,7,16091,YIP,43,16166,YQG,936,20166,GFQ,1,Departures,0,2,2
7/1/2003,2003,7,15842,WRI,21,14561,RMS,429,20007,5Y,1,Departures,0,12,12
2/1/2001,2001,2,13303,MIA,33,11730,FOR,316,20149,PRQ,1,Departures,0,4,4
8/1/2008,2008,8,10721,BOS,13,15174,TER,469,20360,S4,0,Departures,0,8,8
8/1/2010,2010,8,16091,YIP,43,16271,YYZ,936,21437,13Q,0,Departures,0,2,2
2/1/2002,2002,2,13303,MIA,33,12073,HAV,219,19704,CO,1,Departures,0,96,96
4/1/2001,2001,4,13495,MSY,72,14838,SJO,110,20312,TZ,1,Departures,0,3,3
1/1/2007,2007,1,13342,MKE,45,11032,CUN,148,20368,G4,1,Departures,0,25,25
12/1/2006,2006,12,10647,BKL,44,16106,YKZ,936,20293,ZX,0,Departures,0,1,1
12/1/2007,2007,12,13232,MDW,41,16217,YUL,941,20305,PCQ,1,Departures,0,1,1
2/1/2008,2008,2,15016,STL,64,16042,YEG,916,21161,09Q,1,Departures,0,1,1
7/1/2003,2003,7,13667,NGU,38,11581,ERT,751,20057,EZ,1,Departures,0,10,10
4/1/2002,2002,4,13342,MKE,45,13180,MBJ,243,20312,TZ,1,Departures,0,8,8
5/1/2010,2010,5,11540,ELP,74,16477,QRO,148,20447,U7,1,Departures,0,1,1
8/1/2002,2002,8,11375,DOV,31,16334,ZXA,482,20057,EZ,1,Departures,0,13,13
8/1/2001,2001,8,10299,ANC,1,16229,YVR,906,19991,HP,1,Departures,0,2,2
8/1/2003,2003,8,10559,BFI,93,15999,YAZ,906,20345,RGQ,0,Departures,0,30,30
6/1/2006,2006,6,12016,GUM,5,13694,NGO,736,19548,JL,0,Departures,0,2,2
5/1/2005,2005,5,13303,MIA,33,14739,SDQ,224,20400,PT,1,Departures,0,4,4
1/1/2003,2003,1,13930,ORD,41,14312,PVR,148,20120,DE,0,Departures,0,2,2
6/1/2001,2001,6,13061,LRD,74,13514,MTY,148,19898,TNQ,1,Departures,0,30,30
11/1/2010,2010,11,11618,EWR,21,16217,YUL,941,19531,AC,0,Departures,0,2,2
3/1/2009,2009,3,13303,MIA,33,14739,SDQ,224,20453,ABX,1,Departures,0,14,14
10/1/2005,2005,10,11433,DTW,43,16271,YYZ,936,20447,U7,1,Departures,0,2,2
3/1/2003,2003,3,16091,YIP,43,10628,BIV,509,20447,U7,1,Departures,0,1,1
7/1/2008,2008,7,13342,MKE,45,16229,YVR,906,20314,YX,1,Departures,0,1,1
6/1/2004,2004,6,12217,HSV,51,14115,PIK,493,20007,5Y,1,Departures,0,13,13
6/1/2007,2007,6,11193,CVG,52,11032,CUN,148,20305,PCQ,1,Departures,0,10,10
11/1/2009,2009,11,13303,MIA,33,11082,CNF,316,20149,PRQ,1,Departures,0,1,1
12/1/2009,2009,12,10693,BNA,54,16078,YHM,936,20447,U7,1,Departures,0,1,1
5/1/2006,2006,5,11697,FLL,33,13605,NAS,204,20305,PCQ,1,Departures,0,1,1
4/1/2009,2009,4,13303,MIA,33,14286,PTY,162,20453,ABX,1,Departures,0,8,8
4/1/2003,2003,4,12478,JFK,22,14739,SDQ,224,19546,FI,0,Departures,0,4,4
9/1/2006,2006,9,12266,IAH,74,12876,LAD,502,20095,WO,1,Departures,0,26,26
11/1/2009,2009,11,12266,IAH,74,12876,LAD,502,20095,WO,1,Departures,0,24,24
7/1/2005,2005,7,11728,FOK,22,13560,MXP,450,20266,GBQ,0,Departures,0,1,1
2/1/2007,2007,2,13667,NGU,38,12938,LEJ,429,20095,WO,1,Departures,0,1,1
6/1/2003,2003,6,10397,ATL,34,16083,YHU,941,19790,DL,1,Departures,0,1,1
6/1/2008,2008,6,15422,UAM,5,12143,HKG,729,20007,5Y,1,Departures,0,3,3
1/1/2006,2006,1,14027,PBI,33,13605,NAS,204,21007,BZQ,0,Departures,0,1,1
8/1/2010,2010,8,14635,RSW,33,13605,NAS,204,20368,G4,1,Departures,0,2,2
12/1/2008,2008,12,10581,BGR,12,13957,OST,409,20428,VIQ,0,Departures,0,8,8
12/1/2002,2002,12,13303,MIA,33,12986,LIM,368,20308,WE,1,Departures,0,42,42
12/1/2003,2003,12,11292,DEN,82,16229,YVR,906,20421,SLQ,1,Departures,0,3,3
8/1/2007,2007,8,13303,MIA,33,15567,VCP,316,21148,Q4,0,Departures,0,1,1
2/1/2005,2005,2,16091,YIP,43,14022,PBC,148,20405,MRQ,1,Departures,0,2,2
11/1/2005,2005,11,13930,ORD,41,16178,YQX,961,20193,GR,1,Departures,0,1,1
9/1/2003,2003,9,12339,IND,42,13518,MUC,429,19545,CV,0,Departures,0,2,2
6/1/2007,2007,6,11540,ELP,74,11187,CUU,148,20447,U7,1,Departures,0,2,2
5/1/2004,2004,5,14100,PHL,23,11032,CUN,148,20312,TZ,1,Departures,0,10,10
8/1/2008,2008,8,13303,MIA,33,13218,MDE,327,20370,KAQ,1,Departures,0,2,2
7/1/2006,2006,7,13303,MIA,33,16178,YQX,961,20308,WE,1,Departures,0,2,2
3/1/2010,2010,3,15016,STL,64,11032,CUN,148,19534,AM,0,Departures,0,10,10
2/1/2010,2010,2,15167,TEB,21,15338,TSF,450,21035,TIQ,0,Departures,0,2,2
3/1/2005,2005,3,12016,GUM,5,12414,IWO,736,20017,CS,1,Departures,0,6,6
2/1/2004,2004,2,15045,SUU,91,13856,OKO,736,20057,EZ,1,Departures,0,1,1
4/1/2007,2007,4,14524,RIC,38,13605,NAS,204,20335,E9,1,Departures,0,2,2
6/1/2003,2003,6,13796,OAK,91,16229,YVR,906,20344,RD,1,Departures,0,1,1
4/1/2004,2004,4,10721,BOS,13,10411,AUA,277,20344,RD,1,Departures,0,7,7
3/1/2004,2004,3,13303,MIA,33,14722,SCU,219,20414,OW,1,Departures,0,16,16
4/1/2006,2006,4,13303,MIA,33,15610,VLN,388,20400,PT,1,Departures,0,1,1
7/1/2004,2004,7,13303,MIA,33,13169,MAR,388,20453,ABX,1,Departures,0,3,3
4/1/2006,2006,4,12265,IAG,22,10357,ARN,484,20312,TZ,1,Departures,0,1,1
1/1/2004,2004,1,13930,ORD,41,16257,YYC,916,20344,RD,1,Departures,0,1,1
5/1/2010,2010,5,13198,MCI,64,16042,YEG,916,20374,XE,1,Departures,0,1,1
11/1/2002,2002,11,13303,MIA,33,14196,POA,316,20156,M3,0,Departures,0,2,2
10/1/2002,2002,10,14869,SLC,87,13306,MID,148,20193,GR,1,Departures,0,1,1
4/1/2002,2002,4,10158,ACY,21,16128,YMX,941,20344,RYQ,1,Departures,0,1,1
10/1/2006,2006,10,10581,BGR,12,10673,BLQ,450,20312,TZ,1,Departures,0,1,1
1/1/2003,2003,1,14027,PBI,33,10608,BHX,493,19869,BY,0,Departures,0,2,2
11/1/2005,2005,11,12478,JFK,22,14210,POS,280,20415,NA,1,Departures,0,23,23
7/1/2010,2010,7,11298,DFW,74,16178,YQX,961,20370,KAQ,1,Departures,0,3,3
9/1/2005,2005,9,13002,LKE,93,16233,YWH,906,20272,KAH,1,Departures,0,6,6
10/1/2006,2006,10,11375,DOV,31,12125,HHN,429,20007,5Y,1,Departures,0,2,2
6/1/2003,2003,6,12478,JFK,22,16257,YYC,916,20107,FX,1,Departures,0,1,1
10/1/2007,2007,10,12892,LAX,91,11874,GDL,148,20453,ABX,1,Departures,0,22,22
3/1/2001,2001,3,14122,PIT,23,11032,CUN,148,20344,RYQ,1,Departures,0,1,1
9/1/2005,2005,9,10299,ANC,1,16042,YEG,916,20007,5Y,1,Departures,0,1,1
8/1/2005,2005,8,14843,SJU,3,12051,GYE,337,20149,PRQ,1,Departures,0,1,1
10/1/2002,2002,10,14831,SJC,91,16042,YEG,916,19531,AC,0,Departures,0,1,1
11/1/2007,2007,11,10299,ANC,1,13954,OSN,778,20057,EZ,1,Departures,0,8,8
3/1/2003,2003,3,12889,LAS,85,13252,MEX,148,19559,MX,0,Departures,0,24,24
2/1/2006,2006,2,10994,CHS,37,10711,BOG,327,20169,L2,1,Departures,0,2,2
7/1/2009,2009,7,13303,MIA,33,12010,GUA,127,20190,9S,1,Departures,0,1,1
12/1/2008,2008,12,14843,SJU,3,14739,SDQ,224,20453,ABX,1,Departures,0,10,10
6/1/2003,2003,6,11298,DFW,74,11032,CUN,148,20147,T9,1,Departures,0,63,63
5/1/2002,2002,5,14814,SHV,72,16078,YHM,936,20447,U7,1,Departures,0,1,1
6/1/2003,2003,6,11697,FLL,33,16257,YYC,916,19790,DL,1,Departures,0,1,1
8/1/2008,2008,8,10581,BGR,12,12064,HAJ,429,20140,CC,0,Departures,0,1,1
12/1/2007,2007,12,14100,PHL,23,16217,YUL,941,19531,AC,0,Departures,0,2,2
3/1/2004,2004,3,13667,NGU,38,14918,SNN,441,20057,EZ,1,Departures,0,1,1
8/1/2005,2005,8,14683,SAT,74,16078,YHM,936,20447,U7,1,Departures,0,1,1
1/1/2002,2002,1,12478,JFK,22,12957,LGG,409,20007,5Y,1,Departures,0,8,8
6/1/2005,2005,6,11415,DRT,74,16271,YYZ,936,20166,GFQ,1,Departures,0,1,1
3/1/2007,2007,3,14761,SFB,33,14293,PUJ,224,20368,G4,1,Departures,0,5,5
10/1/2003,2003,10,13930,ORD,41,16178,YQX,961,20370,KAQ,1,Departures,0,2,2
8/1/2008,2008,8,14761,SFB,33,15632,VSA,148,21212,0HQ,0,Departures,0,1,1
1/1/2004,2004,1,10721,BOS,13,10411,AUA,277,20147,T9,1,Departures,0,2,2
2/1/2005,2005,2,14761,SFB,33,14207,POP,224,20344,RD,1,Departures,0,1,1
3/1/2007,2007,3,13930,ORD,41,11032,CUN,148,20423,U5,1,Departures,0,63,63
4/1/2004,2004,4,12478,JFK,22,11032,CUN,148,20399,PLQ,1,Departures,0,2,2
5/1/2007,2007,5,13303,MIA,33,14153,PLS,281,19985,KTQ,0,Departures,0,20,20
4/1/2006,2006,4,11995,GSO,36,16217,YUL,941,20373,PPQ,0,Departures,0,2,2
6/1/2008,2008,6,14683,SAT,74,12010,GUA,127,20402,GL,1,Departures,0,3,3
3/1/2007,2007,3,13077,LSF,34,12849,KWI,644,20007,5Y,1,Departures,0,2,2
12/1/2002,2002,12,13342,MKE,45,11032,CUN,148,20344,RYQ,1,Departures,0,12,12
9/1/2003,2003,9,15016,STL,64,16166,YQG,936,20447,U7,1,Departures,0,1,1
9/1/2002,2002,9,13303,MIA,33,14991,SSA,316,20156,M3,0,Departures,0,1,1
9/1/2002,2002,9,10792,BUF,22,11760,FRA,429,20402,MMQ,1,Departures,0,1,1
5/1/2007,2007,5,13061,LRD,74,16252,YXU,936,20447,U7,1,Departures,0,1,1
4/1/2010,2010,4,14100,PHL,23,16271,YYZ,936,21226,PD,0,Departures,0,2,2
1/1/2007,2007,1,13930,ORD,41,11760,FRA,429,20107,FX,1,Departures,0,1,1
5/1/2003,2003,5,11697,FLL,33,14293,PUJ,224,20399,PLQ,1,Departures,0,2,2
12/1/2003,2003,12,13303,MIA,33,12180,HOG,219,20402,MMQ,1,Departures,0,4,4
10/1/2002,2002,10,13002,LKE,93,16233,YWH,906,20272,KAH,1,Departures,0,6,6
7/1/2005,2005,7,14761,SFB,33,13165,MAN,493,20278,RNQ,0,Departures,0,35,35
9/1/2004,2004,9,11375,DOV,31,13299,MHZ,493,19917,5X,1,Departures,0,1,1
2/1/2003,2003,2,13303,MIA,33,13166,MAO,316,20232,A2,0,Departures,0,7,7
6/1/2008,2008,6,15842,WRI,21,12957,LGG,409,20190,9S,1,Departures,0,1,1
8/1/2009,2009,8,11697,FLL,33,13618,NBW,219,20414,OW,1,Departures,0,16,16
3/1/2005,2005,3,11618,EWR,21,10521,BDA,207,20239,CEQ,0,Departures,0,46,46
6/1/2002,2002,6,13930,ORD,41,10411,AUA,277,20423,USQ,1,Departures,0,8,8
8/1/2008,2008,8,10397,ATL,34,14446,RAB,804,21094,05Q,0,Departures,0,1,1
8/1/2005,2005,8,10994,CHS,37,16178,YQX,961,20057,EZ,1,Departures,0,14,14
8/1/2001,2001,8,13256,MFE,74,14886,SLW,148,20201,AMQ,1,Departures,0,1,1
10/1/2005,2005,10,14057,PDX,92,16257,YYC,916,20400,PT,1,Departures,0,10,10
6/1/2005,2005,6,10792,BUF,22,16271,YYZ,936,20201,AMQ,1,Departures,0,2,2
4/1/2010,2010,4,13303,MIA,33,14849,SKB,275,20402,GL,1,Departures,0,2,2
3/1/2004,2004,3,13667,NGU,38,13754,NSY,450,20357,ER,1,Departures,0,1,1
5/1/2004,2004,5,15295,TOL,44,16128,YMX,941,20239,CEQ,0,Departures,0,32,32
11/1/2006,2006,11,13303,MIA,33,11888,GEO,350,20405,MRQ,1,Departures,0,1,1
12/1/2006,2006,12,11764,FRG,22,16149,YOW,936,20402,GL,1,Departures,0,2,2
2/1/2010,2010,2,13930,ORD,41,11760,FRA,429,20370,KAQ,1,Departures,0,2,2
10/1/2007,2007,10,10994,CHS,37,14115,PIK,493,20057,EZ,1,Departures,0,23,23
1/1/2007,2007,1,13087,LSV,85,13010,LKZ,493,20007,5Y,1,Departures,0,1,1
7/1/2006,2006,7,10994,CHS,37,14115,PIK,493,20057,EZ,1,Departures,0,21,21
4/1/2009,2009,4,14683,SAT,74,12010,GUA,127,20344,RD,1,Departures,0,2,2
7/1/2006,2006,7,11058,CLU,42,12849,KWI,644,20344,RD,1,Departures,0,2,2
3/1/2003,2003,3,14869,SLC,87,12476,JER,493,20281,SLA,1,Departures,0,1,1
9/1/2010,2010,9,12206,HRL,74,12010,GUA,127,20207,XP,1,Departures,0,2,2
12/1/2003,2003,12,13303,MIA,33,14153,PLS,281,20400,CCQ,1,Departures,0,1,1
5/1/2007,2007,5,10994,CHS,37,16178,YQX,961,19917,5X,1,Departures,0,2,2
5/1/2002,2002,5,14869,SLC,87,11032,CUN,148,20016,LGQ,0,Departures,0,8,8
12/1/2005,2005,12,13303,MIA,33,11185,CUR,259,20203,FCQ,1,Departures,0,2,2
5/1/2003,2003,5,13204,MCO,33,16271,YYZ,936,20065,SEQ,0,Departures,0,39,39
4/1/2001,2001,4,12889,LAS,85,11032,CUN,148,20204,MG,1,Departures,0,1,1
6/1/2006,2006,6,13244,MEM,54,16271,YYZ,936,20447,U7,1,Departures,0,3,3
6/1/2008,2008,6,14843,SJU,3,14293,PUJ,224,20374,XE,1,Departures,0,92,92
3/1/2005,2005,3,11057,CLT,36,13252,MEX,148,19386,NW,1,Departures,0,2,2
7/1/2005,2005,7,15842,WRI,21,14115,PIK,493,20057,EZ,1,Departures,0,3,3
2/1/2010,2010,2,11433,DTW,43,16149,YOW,936,19790,DL,1,Departures,0,1,1
10/1/2005,2005,10,15016,STL,64,13306,MID,148,20204,MG,1,Departures,0,1,1
3/1/2009,2009,3,12265,IAG,22,16178,YQX,961,20110,AUQ,0,Departures,0,1,1
1/1/2006,2006,1,13303,MIA,33,15018,STN,493,20007,5Y,1,Departures,0,1,1
7/1/2010,2010,7,13244,MEM,54,16078,YHM,936,20447,U7,1,Departures,0,3,3
3/1/2010,2010,3,12892,LAX,91,14228,PPT,823,21352,0WQ,1,Departures,0,1,1
8/1/2008,2008,8,14853,SKF,74,11560,ENQ,131,20007,5Y,1,Departures,0,1,1
11/1/2005,2005,11,13303,MIA,33,15513,UVF,276,20203,FCQ,1,Departures,0,4,4
10/1/2008,2008,10,13303,MIA,33,12986,LIM,368,20370,KAQ,1,Departures,0,6,6
4/1/2009,2009,4,13303,MIA,33,14030,PBM,379,20453,ABX,1,Departures,0,13,13
12/1/2003,2003,12,13303,MIA,33,10911,CCS,388,20203,FCQ,1,Departures,0,94,94
7/1/2003,2003,7,12478,JFK,22,12073,HAV,219,19790,DL,1,Departures,0,8,8
12/1/2003,2003,12,11540,ELP,74,11187,CUU,148,20447,U7,1,Departures,0,5,5
2/1/2003,2003,2,13796,OAK,91,11874,GDL,148,20016,LGQ,0,Departures,0,45,45
1/1/2007,2007,1,10397,ATL,34,10292,AMS,461,20007,5Y,1,Departures,0,5,5
12/1/2010,2010,12,15304,TPA,33,16149,YOW,936,20402,GL,1,Departures,0,1,1
5/1/2005,2005,5,13303,MIA,33,15455,UIO,337,20308,WE,1,Departures,0,1,1
3/1/2009,2009,3,12478,JFK,22,12957,LGG,409,20190,9S,1,Departures,0,9,9
3/1/2007,2007,3,10299,ANC,1,12277,ICN,778,20190,9S,1,Departures,0,96,96
3/1/2004,2004,3,12266,IAH,74,14994,SSG,521,20095,WO,1,Departures,0,8,8
3/1/2008,2008,3,11344,DMA,81,16232,YWG,926,20110,AUQ,0,Departures,0,1,1
8/1/2005,2005,8,14771,SFO,91,16267,YYR,961,20344,RD,1,Departures,0,1,1
10/1/2008,2008,10,13303,MIA,33,15643,VVI,312,20308,WE,1,Departures,0,1,1
8/1/2002,2002,8,10721,BOS,13,10411,AUA,277,20415,XG,1,Departures,0,18,18
7/1/2010,2010,7,12264,IAD,38,13252,MEX,148,19534,AM,0,Departures,0,2,2
6/1/2007,2007,6,10693,BNA,54,11651,FCO,450,19790,DL,1,Departures,0,2,2
10/1/2007,2007,10,10397,ATL,34,16271,YYZ,936,20314,YX,1,Departures,0,1,1
9/1/2007,2007,9,13303,MIA,33,11032,CUN,148,20222,E7,0,Departures,0,31,31
10/1/2003,2003,10,11697,FLL,33,15246,TLC,148,20201,AMQ,1,Departures,0,1,1
3/1/2002,2002,3,10821,BWI,35,11032,CUN,148,20402,MMQ,1,Departures,0,9,9
8/1/2007,2007,8,15016,STL,64,16166,YQG,936,20166,GFQ,1,Departures,0,1,1
4/1/2004,2004,4,13303,MIA,33,12010,GUA,127,20193,GR,1,Departures,0,5,5
6/1/2007,2007,6,10821,BWI,35,10790,BUD,437,20312,TZ,1,Departures,0,1,1
8/1/2002,2002,8,13303,MIA,33,12073,HAV,219,20402,MMQ,1,Departures,0,2,2
10/1/2004,2004,10,11375,DOV,31,14561,RMS,429,20057,EZ,1,Departures,0,39,39
4/1/2001,2001,4,13342,MKE,45,11032,CUN,148,20204,MG,1,Departures,0,1,1
1/1/2010,2010,1,12478,JFK,22,14012,PAP,238,21236,0JQ,1,Departures,0,1,1
6/1/2002,2002,6,12892,LAX,91,13252,MEX,148,20193,GR,1,Departures,0,5,5
1/1/2009,2009,1,14771,SFO,91,11345,DME,475,21131,VSA,0,Departures,0,1,1
5/1/2009,2009,5,14112,PIE,33,16271,YYZ,936,19704,CO,1,Departures,0,1,1
4/1/2004,2004,4,14100,PHL,23,14312,PVR,148,20423,U5,1,Departures,0,9,9
9/1/2008,2008,9,13303,MIA,33,11878,GDT,281,20203,FCQ,1,Departures,0,1,1
9/1/2004,2004,9,13303,MIA,33,12368,IQQ,324,20232,A2,0,Departures,0,3,3
5/1/2008,2008,5,99999,ZZZ,1,14293,PUJ,224,20447,U7,1,Departures,0,1,1
9/1/2001,2001,9,10423,AUS,74,10884,CAY,344,20110,AUQ,0,Departures,0,1,1
11/1/2009,2009,11,13577,MYR,37,16095,YJT,961,21402,PM,1,Departures,0,1,1
1/1/2008,2008,1,12478,JFK,22,14918,SNN,441,20057,EZ,1,Departures,0,16,16
10/1/2006,2006,10,12892,LAX,91,12277,ICN,778,20370,KAQ,1,Departures,0,6,6
8/1/2001,2001,8,11423,DSM,61,13605,NAS,204,20402,MMQ,1,Departures,0,1,1
1/1/2003,2003,1,12478,JFK,22,14889,SMA,469,20402,MMQ,1,Departures,0,1,1
10/1/2002,2002,10,11267,DAY,44,13514,MTY,148,20344,RYQ,1,Departures,0,4,4
11/1/2005,2005,11,12217,HSV,51,14115,PIK,493,19545,CV,0,Departures,0,7,7
9/1/2009,2009,9,12264,IAD,38,16095,YJT,961,21402,PM,1,Departures,0,1,1
7/1/2003,2003,7,13232,MDW,41,16078,YHM,936,19805,AA,1,Departures,0,1,1
1/1/2003,2003,1,11292,DEN,82,13594,MZT,148,20204,MG,1,Departures,0,10,10
1/1/2004,2004,1,13930,ORD,41,12957,LGG,409,20007,5Y,1,Departures,0,1,1
1/1/2009,2009,1,14683,SAT,74,16271,YYZ,936,20402,GL,1,Departures,0,2,2
4/1/2009,2009,4,14679,SAN,91,12651,KEF,439,20007,5Y,1,Departures,0,2,2
7/1/2006,2006,7,11495,EFD,74,14115,PIK,493,20007,5Y,1,Departures,0,1,1
11/1/2005,2005,11,12187,HOP,52,14115,PIK,493,20007,5Y,1,Departures,0,1,1
9/1/2002,2002,9,13303,MIA,33,13269,MGA,153,20193,GR,1,Departures,0,1,1
8/1/2010,2010,8,12478,JFK,22,12938,LEJ,429,20370,KAQ,1,Departures,0,8,8
6/1/2009,2009,6,10299,ANC,1,12143,HKG,729,20370,KAQ,1,Departures,0,8,8
3/1/2004,2004,3,11193,CVG,52,11032,CUN,148,20423,U5,1,Departures,0,15,15
12/1/2002,2002,12,13303,MIA,33,12180,HOG,219,20203,FCQ,1,Departures,0,10,10
3/1/2007,2007,3,15016,STL,64,16042,YEG,916,19531,AC,0,Departures,0,1,1
1/1/2003,2003,1,13204,MCO,33,14293,PUJ,224,20204,MG,1,Departures,0,3,3
10/1/2010,2010,10,12953,LGA,22,16149,YOW,936,19531,AC,0,Departures,0,2,2
9/1/2009,2009,9,13303,MIA,33,11770,FRS,127,20166,GFQ,1,Departures,0,2,2
10/1/2006,2006,10,11728,FOK,22,11444,DUS,429,20266,GBQ,0,Departures,0,1,1
9/1/2004,2004,9,12478,JFK,22,11966,GOT,484,20007,5Y,1,Departures,0,18,18
5/1/2003,2003,5,10721,BOS,13,11032,CUN,148,20147,T9,1,Departures,0,7,7
2/1/2007,2007,2,13303,MIA,33,15567,VCP,316,20232,A2,0,Departures,0,2,2
5/1/2009,2009,5,13303,MIA,33,10658,BLA,388,20421,SLQ,1,Departures,0,2,2
4/1/2010,2010,4,14814,SHV,72,16078,YHM,936,20447,U7,1,Departures,0,2,2
3/1/2004,2004,3,14112,PIE,33,16271,YYZ,936,20065,SEQ,0,Departures,0,39,39
4/1/2001,2001,4,13930,ORD,41,11244,CZM,148,20204,MG,1,Departures,0,4,4
1/1/2007,2007,1,11540,ELP,74,11024,CJS,148,20201,AMQ,1,Departures,0,4,4
4/1/2007,2007,4,12889,LAS,85,16271,YYZ,936,20065,SEQ,0,Departures,0,18,18
10/1/2010,2010,10,12217,HSV,51,14022,PBC,148,20166,GFQ,1,Departures,0,1,1
7/1/2003,2003,7,10423,AUS,74,11874,GDL,148,20093,CTQ,1,Departures,0,44,44
3/1/2004,2004,3,11775,FSD,67,13594,MZT,148,20344,RD,1,Departures,0,1,1
7/1/2006,2006,7,13667,NGU,38,11581,ERT,751,20057,EZ,1,Departures,0,9,9
12/1/2003,2003,12,12478,JFK,22,14293,PUJ,224,20147,T9,1,Departures,0,1,1
2/1/2008,2008,2,13930,ORD,41,15455,UIO,337,20007,5Y,1,Departures,0,1,1
12/1/2007,2007,12,15842,WRI,21,16050,YFB,934,20169,L2,1,Departures,0,5,5
2/1/2007,2007,2,13061,LRD,74,16477,QRO,148,20201,AMQ,1,Departures,0,1,1
6/1/2002,2002,6,14761,SFB,33,12966,LGW,493,19858,ZB,0,Departures,0,1,1
